epoch,global_step,lr,loss_total,loss_cd,loss_apml,loss_p2g,loss_g2p,loss_center,loss_bbox,loss_hd,loss_repulsion,loss_proj,loss_proj_bce,loss_proj_dice,loss_proj_iou,proj_weight,proj_valid_ratio,proj_pred_mask_mean,proj_gt_mask_mean,proj_pred_mask_max,proj_gt_mask_max,proj_u_min,proj_u_max,proj_v_min,proj_v_max,precision_0_01,recall_0_01,fscore_0_01,precision_0_02,recall_0_02,fscore_0_02,precision_0_05,recall_0_05,fscore_0_05,epoch_time_sec
151,2501,0.0005,0.0939245495747109,0.003440316493429507,93.9244187960192,0.001983755410673366,0.00145656108041131,0.0001761795766122989,0.0,0.0,2.5247381392032753e-05,0.0,0.0,0.0,0.0,0.0,0.0,0.0,0.0,0.0,0.0,0.0,0.0,0.0,0.0,0.04407436244252299,0.04988063368402639,0.04646576035738748,0.22660164449845063,0.2680826107057177,0.24417986007618075,0.8005837703980908,0.8746704443222711,0.834095169071768,167.08416414260864
152,5002,0.0005,0.0937841116312574,0.00343447921581932,93.78397974306371,0.0019758072318794093,0.0014586719865349346,0.00017417278490538754,0.0,0.0,2.5481319817870526e-05,0.0,0.0,0.0,0.0,0.0,0.0,0.0,0.0,0.0,0.0,0.0,0.0,0.0,0.0,0.04480932236480408,0.050595191610855655,0.04721446590880152,0.22814302013569573,0.2693058518779988,0.24562586625156904,0.8019792083166734,0.8751415449445222,0.835073469234247,166.43710923194885
153,7503,0.0005,0.0936877825638143,0.00342510074566229,93.68765111448097,0.0019755973654729526,0.001449503379613312,0.00017543720081585287,0.0,0.0,2.5416926510028097e-05,0.0,0.0,0.0,0.0,0.0,0.0,0.0,0.0,0.0,0.0,0.0,0.0,0.0,0.0,0.045074157836865254,0.050963208466613355,0.04750240576572296,0.22976766324720113,0.27098799152214115,0.2472897422332756,0.802252731719812,0.8753190130197921,0.8352688290223461,190.8704650402069
154,10004,0.0005,0.09368468434667168,0.003422482051795013,93.6845523082271,0.0019749644173115382,0.0014475176317953556,0.00017505288085013657,0.0,0.0,2.551132252510568e-05,0.0,0.0,0.0,0.0,0.0,0.0,0.0,0.0,0.0,0.0,0.0,0.0,0.0,0.0,0.044628925773440624,0.05042836381072571,0.0470354487363179,0.22835035907511994,0.2696552238479608,0.24590935112118292,0.8021140176741803,0.8755569061437924,0.8352819033047525,197.50867009162903
155,12505,0.0005,0.09334748864817362,0.00339269327375515,93.34735673449126,0.001954054410100357,0.0014386388614205125,0.00017607726039279848,0.0,0.0,2.5499636190944876e-05,0.0,0.0,0.0,0.0,0.0,0.0,0.0,0.0,0.0,0.0,0.0,0.0,0.0,0.0,0.04523063821346462,0.051134038572071175,0.04767791839239777,0.23017131038209715,0.27154665477558976,0.24779283344709888,0.8044075338614555,0.8767852234106357,0.8371939140288938,201.1237452030182
156,15006,0.0005,0.09387942372572894,0.0033996519196254596,93.40977508837773,0.0019581538548095203,0.0014414980652697775,0.00017778848241534423,0.0,0.0,2.5586440107540827e-05,0.06707376693008614,0.07490397185930273,0.05924356121961616,0.11122827301593553,0.007000000216066837,1.0,0.3131647421920695,0.3145521028233213,1.0,1.0,10.174914586453474,52.825088015941084,8.105683543404691,55.194086193037435,0.04513067819747101,0.05100791714564174,0.04755550573860369,0.23028034879798082,0.2715872635320872,0.24783792302477173,0.8040098413759497,0.876447565505048,0.8368024816278552,209.05322790145874
157,17507,0.0005,0.09400538393094844,0.0033737148288305982,93.06920602425534,0.0019438535339565428,0.0014298612940245633,0.00017657256623425534,0.0,0.0,2.56271172100755e-05,0.06686037480652404,0.07455019795018189,0.05917055082054245,0.11109668659906491,0.014000000432133675,1.0,0.313059769022684,0.3145177629513771,1.0,1.0,10.204297235325688,52.79570523932761,8.078697386192161,55.18967240374358,0.045334014831567376,0.05127724300904638,0.047787883445197514,0.230728509377499,0.2720732019692123,0.24835944034811594,0.8054214837502499,0.877725081842263,0.8382066250419388,206.91208148002625
158,20008,0.0005,0.09457928913443243,0.0033805562171717136,93.17479911569308,0.0019444969952919567,0.0014360592216121086,0.0001766661696286096,0.0,0.0,2.556559203704975e-05,0.06687418265236182,0.07453957017733068,0.05920879424261789,0.1111585380362778,0.020999999716877937,1.0,0.31316936883579394,0.31451998213108706,1.0,1.0,10.167173697918903,52.832828765771524,8.06414086301057,55.18157507962391,0.04528959900414834,0.05116605701469412,0.04771218323422487,0.2307555493427629,0.27219414968387645,0.24840635591384316,0.8051521578868452,0.8775699681065074,0.8380021263913411,208.8711178302765
159,22509,0.0005,0.09474194683626097,0.0033588081230137607,92.87464667148278,0.001935921557547777,0.0014228865651226958,0.00017549855783836348,0.0,0.0,2.5542603863249925e-05,0.06668457535148763,0.07428909928166642,0.059080050473973925,0.11094694273894141,0.02800000086426735,1.0,0.3130651005789167,0.3145115791482241,1.0,1.0,10.19233009730373,52.80767241900847,8.134775891202967,55.21166705742019,0.045377064018142746,0.0513132637569972,0.04783348735888861,0.2313609712365054,0.27273387519992004,0.24900386420811046,0.8063681753860955,0.878926847229858,0.8392177807574557,208.31000018119812
160,25010,0.0005,0.09518832115770005,0.003352448869903316,92.85321761950738,0.0019321694153815606,0.001420279453823543,0.00017591410957021715,0.0,0.0,2.558348931925662e-05,0.06671346324246104,0.07431590491336067,0.05911102074711192,0.11099139674574506,0.03500000014901161,1.0,0.31319913739075617,0.31454941755781074,1.0,1.0,10.210229331614828,52.789773176117734,8.048862207417296,55.181621388309914,0.04545281496776289,0.05142357119652139,0.047923120589958866,0.23145692894717113,0.27309681596111557,0.24921863987559273,0.8068219001461915,0.8793489440161435,0.839679217062107,208.77004718780518
161,27511,0.0005,0.09543548399557929,0.003329979630898586,92.65638289056936,0.0019154540120075861,0.0014145256193797485,0.00017713209050942446,0.0,0.0,2.5619331143393356e-05,0.06616592015184816,0.07346350410696222,0.05886833522854591,0.11058481928349875,0.041999999433755875,1.0,0.31308308141570435,0.31453390185032687,1.0,1.0,10.040352417058537,52.95965011364839,8.150013352336526,55.205336261491496,0.04560197405412835,0.051511036210515795,0.04804138623078207,0.23208734084491203,0.2734928489541683,0.24974431051630253,0.8073076433489105,0.879498103102509,0.8400712213912805,206.35409712791443
162,30012,0.0005,0.09627786043976269,0.003355567719799834,93.01614305602222,0.001932512897793658,0.0014230548249153955,0.0001769988651763962,0.0,0.0,2.5532347092480414e-05,0.0665629663121481,0.07405830280365991,0.05906762901852961,0.11092372848147729,0.04899999871850014,1.0,0.3131748545931273,0.31448997356077996,1.0,1.0,10.208887817477379,52.791114674430524,8.068855186120743,55.22365490144274,0.04528715857407037,0.051129255329118356,0.04770873957106926,0.23095058851459416,0.2724339951519392,0.24859218452511572,0.8059030294132347,0.8787482077481508,0.8389055141564704,208.15811705589294
163,32513,0.0005,0.09658837456498943,0.003352812424864209,92.87390175002997,0.0019288949140046658,0.0014239175105220736,0.00017528210895927557,0.0,0.0,2.5679342603585143e-05,0.06632749790825494,0.07373136234600418,0.05892363253806601,0.11067463385491598,0.0560000017285347,1.0,0.3132247372609718,0.31453559361472694,1.0,1.0,10.155695095962164,52.844307449139485,8.085146098554445,55.19983729530649,0.04561446905612755,0.051554671100309875,0.048083742937130455,0.2318804899915034,0.27318262148265693,0.2494964787646419,0.8067494681814774,0.8791417026939224,0.8395224955977082,209.5936405658722
164,35014,0.0005,0.09672156682774954,0.0033254139574763345,92.57269150902872,0.0019166348944008515,0.001408779062994025,0.00017724223757572053,0.0,0.0,2.5614256340601668e-05,0.06585305854112136,0.07299254622842159,0.05871357004054305,0.11032382405695558,0.06300000101327896,1.0,0.31319138989215944,0.3145100592446775,1.0,1.0,10.175605399090975,52.82439711645859,8.082086212298528,55.205339435575866,0.045587624325269895,0.05156950891518393,0.048056335759865655,0.23235764288034785,0.2740050464189324,0.2501272203691932,0.8076454964889045,0.8801493074645141,0.8405719559605433,209.10125946998596
165,37515,0.0005,0.09688882840747406,0.0033011251556609228,92.28730514172504,0.0018994136802490574,0.0014017114715251487,0.0001761791034039511,0.0,0.0,2.564837323366957e-05,0.06573415380336198,0.07283346341704665,0.0586348432199996,0.11018175942475487,0.07000000029802322,1.0,0.3132428285665438,0.31450508252495246,1.0,1.0,10.167250659264646,52.83275192120418,8.119081504818727,55.18587428004872,0.04586905472186126,0.051857577281587366,0.04833594346154587,0.23334084335015995,0.2752302399352759,0.25119349384149375,0.8089905639306777,0.8810818446059077,0.8417216750656495,189.96274209022522
166,40016,0.0005,0.09711473948303245,0.003301544484650915,92.51781641469388,0.0018991991944910093,0.0014023452868783062,0.0001743318917109615,0.0,0.0,2.5487835752291542e-05,0.06566844609488205,0.07266823193136572,0.05866865945405743,0.11024965185587142,0.07000000029802322,1.0,0.3132120244255642,0.31449707753000045,1.0,1.0,10.216662725607236,52.7833397631548,8.069035328182874,55.18963411492093,0.045156058670281884,0.05102441445296881,0.047582118223454414,0.23158080517792884,0.2734156337465014,0.24940433093711215,0.8085022826806777,0.8802802121338964,0.8411455668482195,173.18995642662048
167,42517,0.0005,0.09686083178140553,0.0032937313806440985,92.28223942966758,0.0018914523376331593,0.0014022790445062778,0.00017599504524233,0.0,0.0,2.5613200260245978e-05,0.06540656950874407,0.0723102639061732,0.05850287431814536,0.10994808895975912,0.07000000029802322,1.0,0.3132605348221782,0.3145307029743807,1.0,1.0,10.097484515505474,52.90251798755595,8.080559051499181,55.22404935273205,0.04586934757347061,0.05176132671931227,0.04831404543750998,0.23341444672131148,0.2751850431702319,0.25121309487272003,0.8094024109106357,0.8814452734531187,0.842137647599804,174.05113077163696
168,45018,0.0005,0.09677079848733629,0.0032867120204596555,92.19606321137317,0.001888245384925969,0.0013984666378959725,0.0001771248916140764,0.0,0.0,2.5717209961608478e-05,0.06535146114338593,0.07223538622581831,0.05846753517468897,0.10990017254511769,0.07000000029802322,1.0,0.3132231334855155,0.314528115165205,1.0,1.0,10.182189524626551,52.81781297643296,8.077880952988373,55.212767308542894,0.045767825682227106,0.0517281368702519,0.04823103477926653,0.23300826153913434,0.2746123230395342,0.2507916732249213,0.8098818089951519,0.8816232296144042,0.8425195734294021,173.38926768302917
169,47519,0.0005,0.09650134073882426,0.0032656541584701578,91.93724061888916,0.0018742401648812915,0.0013914139963060776,0.0001768505802832259,0.0,0.0,2.577908895561989e-05,0.06519952593374996,0.07202393166953232,0.05837511937649714,0.10974413239922537,0.07000000029802322,1.0,0.3132474118413948,0.3145230714766467,1.0,1.0,10.25294486764239,52.74705772293134,8.064487726485334,55.24784594676534,0.046379885545781686,0.05239535045356857,0.048860599460755764,0.23528791608356658,0.27719136954593165,0.25319901562300695,0.8119147848673031,0.882652212552479,0.8441436944699964,187.40733885765076
170,50020,0.0005,0.09638367761157361,0.003256316470750859,91.83231552654817,0.0018698504030397658,0.0013864660686187696,0.00017722085164583397,0.0,0.0,2.5724396174623865e-05,0.06501756035765616,0.07171410773886365,0.05832101225328655,0.10963906201778627,0.07000000029802322,1.0,0.313161270710074,0.3144961358999453,1.0,1.0,10.185183231947851,52.81481930085632,8.124939399593023,55.21441104954503,0.04620368649415234,0.05212280322246102,0.04866502140859058,0.23477210678228708,0.27637733968912437,0.25254287356224026,0.8118419624337765,0.8831621648215714,0.8442839756339896,208.38408017158508
171,52521,0.0005,0.09634168242446568,0.003258622262785334,91.79379362146743,0.0018701371589501645,0.0013884851039689939,0.00017779978652608352,0.0,0.0,2.5767117453413703e-05,0.0649679365982322,0.07169859403403984,0.05823727830892942,0.10950365654233454,0.07000000029802322,1.0,0.31319570855074813,0.314511803252513,1.0,1.0,10.192759812045031,52.80724270197927,8.100225045365459,55.22055744962757,0.04608801010845662,0.05213168638794482,0.04858287157076018,0.23473335275264895,0.2765203488916933,0.25256878265389343,0.8117063721386445,0.8831617743527589,0.8441988350462313,209.9799301624298
172,55022,0.0005,0.09616221525951749,0.0032392681635613116,91.62856751677991,0.0018601013671570286,0.0013791667965846546,0.00017758110906678038,0.0,0.0,2.5705912108509112e-05,0.06476449943343099,0.07134325432999641,0.058185743718374164,0.10942033913935341,0.07000000029802322,1.0,0.31324015846435,0.31452163442021985,1.0,1.0,10.26345217814211,52.736550315481715,8.111925823123205,55.180428037830275,0.04634201007097161,0.052346834703618554,0.04883643696795865,0.23561141949470213,0.27753195596761293,0.2535293519881214,0.8124387940136445,0.8834394952956317,0.8447507950888782,209.88554787635803
173,57523,0.0005,0.09642120940489371,0.0032589201739926287,91.86883417714458,0.001868443041398912,0.0013904771293004805,0.00017698967056415985,0.0,0.0,2.5812890165386e-05,0.06503202554519202,0.07176045943550566,0.05830359065689978,0.10962271704668047,0.07000000029802322,1.0,0.3131417071685844,0.3145410324789819,1.0,1.0,10.174937301709718,52.82506514148491,8.07424512723597,55.17706578867477,0.04630979639394242,0.05235825591638345,0.048814940337808144,0.2349418630985106,0.27658360483931427,0.25275705566779466,0.8116468256447421,0.8826568005610256,0.84398859887064,210.3441035747528
174,60024,0.0005,0.09600482810912776,0.0032307044060186584,91.48350739507664,0.0018544370871720003,0.0013762673188524764,0.0001793817032476796,0.0,0.0,2.5812382157410805e-05,0.0645883900375187,0.07114033068849392,0.05803644850176842,0.10916711892284713,0.07000000029802322,1.0,0.3132780541698249,0.31452165035212915,1.0,1.0,10.09435633743634,52.905646155234194,8.070721368034665,55.21422816066445,0.04681623444372251,0.05283863017293083,0.04931452408710756,0.23712136239254297,0.27902901339464214,0.25504442161676744,0.8133976877998801,0.8842053022540983,0.845592508538634,208.11597108840942
175,62525,0.0005,0.09579946613553665,0.0032185512127402035,91.29569074469822,0.0018458915565286527,0.001372659659400055,0.0001787535970436852,0.0,0.0,2.5759819471918022e-05,0.06433774504076238,0.07071329626153823,0.0579621930543731,0.10902904208208837,0.07000000029802322,1.0,0.3131519095575223,0.31449991593011517,1.0,1.0,10.237913171466186,52.76208940709605,8.049938818684867,55.20944769980191,0.04676400924005398,0.052839313493352656,0.04927784490061314,0.23668813724510196,0.27861716641468415,0.25457483809180664,0.8145170642680428,0.8855614004398241,0.8468737351756151,210.27588367462158
176,65026,0.0005,0.09601207617901174,0.0032281434620640833,91.49589688050561,0.0018539689480443812,0.0013741745109941144,0.00017495187524113904,0.0,0.0,2.577200981542293e-05,0.06451494579331153,0.07099552225486869,0.05803436853560578,0.10915275258285816,0.07000000029802322,1.0,0.3132127168797246,0.3144936117349935,1.0,1.0,10.096133806189743,52.903868759503034,8.091311028364991,55.25927010024847,0.04688456648590564,0.052950694722111155,0.04940682216720586,0.23715230704593163,0.27879541542757896,0.2549819455030369,0.813490521760046,0.8841556150977109,0.8456711618126225,208.03127670288086
177,67527,0.0005,0.09559451350298037,0.0031998903322659556,91.10236220758279,0.0018360175460283576,0.0013638727875409282,0.00017825070282972936,0.0,0.0,2.5885137436635647e-05,0.0641716800299419,0.0704641807660526,0.05787917844108084,0.10888741727544517,0.07000000029802322,1.0,0.3131280906114136,0.31453454293093175,1.0,1.0,10.235654556288905,52.76434789243482,8.09831285881834,55.22240885902719,0.046937767861605355,0.05302527426529388,0.04946824972994807,0.23766792111280488,0.27978710859406236,0.2556798173064758,0.815437008790234,0.886043043720012,0.8476291046720273,209.80698418617249
178,70028,0.0005,0.0954098977455374,0.003182250965100455,90.9253969661525,0.0018238490598099562,0.001358401908345179,0.00017830443175844178,0.0,0.0,2.5946186724286307e-05,0.06406238125782401,0.07031591533154834,0.057808846414017706,0.10876557315554156,0.07000000029802322,1.0,0.3131687019775506,0.3145244268745911,1.0,1.0,10.226860105967532,52.77314239251809,8.089923083138723,55.23166822290859,0.047065548780487805,0.05321777538984406,0.04961858296253738,0.2384207449832567,0.2803571930602759,0.2564193416105323,0.8165926988579568,0.8866469037385046,0.8485406505875662,202.31132864952087
179,72529,0.0005,0.09562043926534487,0.0032033263216456505,91.12195653659923,0.0018373926456018565,0.0013659336742808074,0.00017813915394722165,0.0,0.0,2.589173270146838e-05,0.06426212692507406,0.07059199012807015,0.05793226299072351,0.10896819198384183,0.07000000029802322,1.0,0.31316320433682415,0.31448581729267466,1.0,1.0,10.167401280225825,52.83260121702052,8.05683709411133,55.22205521325405,0.047052272840863656,0.053105613223460614,0.049563592566443125,0.23770530850159935,0.2799111800592263,0.25575538183667096,0.815132052647691,0.8857485326182027,0.8472990788778559,184.50453400611877
180,75030,0.0005,0.09558584830943034,0.0031943949751836323,91.08488732650251,0.0018332953339090525,0.0013610996433401255,0.00017577648740528575,0.0,0.0,2.5979121890632756e-05,0.06429752480925345,0.07069389677879477,0.057901151987706505,0.10891515543250169,0.07000000029802322,1.0,0.3131062616435874,0.3144884101751565,1.0,1.0,10.226356499960593,52.773646083558766,8.083038925600261,55.2170476444432,0.047240185956867256,0.05325565086465414,0.049752585452291276,0.23834694637769893,0.27971828846586366,0.25611326120338024,0.8155315022428529,0.8858058339164334,0.8475228943428198,174.04314970970154
181,77531,0.0005,0.09531467959958045,0.0031760692590174907,90.8276598265723,0.001821784011460878,0.0013542852507451172,0.00017627626228578842,0.0,0.0,2.5944228878024634e-05,0.06409836742060274,0.07036449110618785,0.057832242845773985,0.10880527544955834,0.07000000029802322,1.0,0.3131756608704718,0.3144890329257244,1.0,1.0,10.222102675233922,52.777899814195415,8.087359099805665,55.20864111935792,0.04732062253223711,0.053391338776989206,0.049836963074045726,0.23943449963764493,0.2814421106557377,0.25739684645406774,0.8171328148428129,0.8872541803591063,0.8490948128085383,180.4958028793335
182,80032,0.0005,0.0953238093268509,0.003176046828249665,90.84593828179177,0.0018198490647048165,0.0013561977618982307,0.00017855997381494856,0.0,0.0,2.5837670651956987e-05,0.06396767847248909,0.07015389103408172,0.05778146500303382,0.1087128345559283,0.07000000029802322,1.0,0.31313077785798615,0.31452246092227115,1.0,1.0,10.154256251086144,52.84574626265216,8.072929815023912,55.18270000044416,0.046593667220611756,0.05263060791308476,0.04909655126872979,0.237501971867503,0.2796358019292283,0.2555161078647822,0.8171891399690124,0.8872594516880747,0.8491820152141437,180.67015099525452
183,82533,0.0005,0.09512892197437736,0.003162212193714919,90.66445034840068,0.0018091620749030382,0.0013530501166125108,0.00017759158810145428,0.0,0.0,2.6084327583528354e-05,0.06377624168914588,0.0698768907352859,0.05767559185356009,0.1085336612063091,0.07000000029802322,1.0,0.31306754854000934,0.3145062775432658,1.0,1.0,10.175214432659553,52.82478806115493,8.092895512483636,55.20853122374097,0.047374311993952416,0.053563437906087565,0.04994534818743799,0.23945626827394043,0.28136538353408636,0.25748271442374815,0.818039581042583,0.8872438329355757,0.8496674917927268,182.85089468955994
184,85034,0.0005,0.09490506641301619,0.0031447722038236638,90.4505745416067,0.001799154393453585,0.001345617811301029,0.0001799781592370157,0.0,0.0,2.6005455149307718e-05,0.06363367843257337,0.06969223650278854,0.05757511953790871,0.1083627750233906,0.07000000029802322,1.0,0.3130795757939033,0.3145382660375934,1.0,1.0,10.075253059748695,52.92474944378938,8.076408370215146,55.213949599298466,0.047716557908086765,0.05391515268892443,0.05028746093100891,0.24105035720086965,0.28317481601109556,0.25912028552591204,0.8193517514869052,0.8887117028188725,0.851090337135276,212.59723591804504
185,87535,0.0005,0.09504300610470276,0.0031510485147992918,90.58679297903642,0.001802946425526489,0.001348102085345357,0.00017629288443919537,0.0,0.0,2.5977028132552076e-05,0.06365827207670646,0.06969628173013369,0.057620261560102214,0.10844370747794632,0.07000000029802322,1.0,0.3131178960007508,0.31451845913529636,1.0,1.0,10.120268292066719,52.87973422996524,8.068938347112175,55.24134182539142,0.047575501049580166,0.05367706433051779,0.050112723321302004,0.24007955411585366,0.2820997577531487,0.258122961013401,0.818378312737405,0.8879346698820472,0.8501345497615239,205.64929461479187
186,90036,0.0005,0.09497456648638371,0.003150669295193314,90.52403794036584,0.001805979638757584,0.0013446896558829782,0.00018065111149004535,0.0,0.0,2.6033086100733398e-05,0.06357705970851482,0.06962070535378354,0.05753341327901365,0.10829696665759661,0.07000000029802322,1.0,0.31316289891962146,0.3145018833957878,1.0,1.0,10.168741643738622,52.8312609129932,8.05992025048768,55.249163725623035,0.04750580236655338,0.053726556252499,0.0500766243612463,0.2400474380560276,0.2824806600797181,0.2582797456960209,0.8181206033211715,0.8880878312737405,0.8500966488695393,205.77075672149658
187,92537,0.0005,0.09466261816460912,0.003125391785497228,90.21261897615221,0.0017889796579141216,0.001336412127961305,0.00017850533309938773,0.0,0.0,2.6125852146389474e-05,0.06356948961923477,0.06957328514751197,0.05756569335290023,0.10833423934141095,0.07000000029802322,1.0,0.3131651450060263,0.31453545478249684,1.0,1.0,10.181506980471209,52.818495537270934,8.061444887682134,55.235966462414055,0.047699962983556575,0.053952442460515795,0.05030047379248664,0.2405821850947121,0.28265939717862854,0.25868556299349255,0.8203904961452919,0.8898616334716114,0.852158230311963,205.43739938735962
188,95038,0.0005,0.09461840695408476,0.0031238538652017226,90.1868405774897,0.0017910315914208763,0.001332822275689294,0.0001784446771625135,0.0,0.0,2.5942605950186756e-05,0.06330617573834667,0.06918635287034254,0.05742599786829348,0.10809886660493884,0.07000000029802322,1.0,0.3131983038134834,0.31453707054561253,1.0,1.0,10.167731459547834,52.83227093531484,8.061835692149074,55.2383412952568,0.047746331155037985,0.05381060466438425,0.05027424076423853,0.24111029416358457,0.2831763778863455,0.25910250667701573,0.8200140842100659,0.889984631147541,0.851950906124748,207.76173973083496
189,97539,0.0005,0.09460877972554084,0.0031216635599360765,90.16709631912616,0.0017857288800748584,0.0013359346814554704,0.00017980951066928698,0.0,0.0,2.600699829362297e-05,0.06345070102235309,0.06941278506351894,0.05748861622972424,0.10821274048039933,0.07000000029802322,1.0,0.3131007451842614,0.3145356805997341,1.0,1.0,10.210488686986753,52.789513822461736,8.067885350056144,55.22610316682653,0.04774135267767893,0.05390734331267493,0.05030342663039879,0.24092286913359656,0.28309818650664736,0.25902856976055993,0.8204057244289784,0.889800525102459,0.8521420985329203,207.46023845672607
190,100040,0.0005,0.09444780128358937,0.0031069449861667996,90.01897087234443,0.001780784382351355,0.0013261606052467805,0.00017745193992693345,0.0,0.0,2.5955396524284156e-05,0.0632670908787998,0.0691109535100757,0.057423227455843835,0.10808929985687762,0.07000000029802322,1.0,0.313172394483507,0.31451457086466444,1.0,1.0,10.165619318602515,52.83438314890108,8.104611267046373,55.250464770756736,0.047862886095561774,0.053970111174280286,0.05039681019041775,0.24152253161235507,0.28403404263294685,0.25969254054644497,0.8210345744514694,0.890509128379898,0.8527472811382039,206.24490928649902
191,102541,0.0005,0.09450673472965922,0.0031119128315858858,90.07551846814985,0.0017822491361872994,0.0013296636933621327,0.0001779298805528118,0.0,0.0,2.599484755150292e-05,0.06330117195850608,0.06915195138960398,0.05745039175434715,0.10814524001953174,0.07000000029802322,1.0,0.31305781750977396,0.31449041335356803,1.0,1.0,10.169308431431658,52.830694028540925,8.070106870219593,55.199442898926854,0.047661599422730905,0.05379654778713515,0.05020992239633324,0.24082486146166535,0.2831631019467213,0.25899089713458395,0.8206362962627449,0.8901296903113755,0.8524213368918409,196.70671129226685
192,105042,0.0005,0.09434455653867785,0.0031101154432291674,89.92978112099887,0.0017821745984264647,0.0013279408422542265,0.00017761355467223885,0.0,0.0,2.6006353344783332e-05,0.06306630266500396,0.06882305118720419,0.05730955329526667,0.10790354299430893,0.07000000029802322,1.0,0.31321871952443825,0.3144821204581722,1.0,1.0,10.20486181595477,52.795140650404875,8.01502113969552,55.207101127139474,0.048093262694922034,0.05423006578618553,0.05064127180890673,0.24244023093887446,0.2847262462202619,0.2605857366442037,0.8217290232344562,0.8912811828393643,0.8535147019859697,205.76030111312866
193,107543,0.0005,0.09418592764819111,0.003090887868375492,89.77466979974368,0.0017675529089581292,0.001323334960482137,0.00018020280366791097,0.0,0.0,2.6104655583784385e-05,0.06301604259739824,0.06876947806968611,0.057262606331940795,0.10782194151872637,0.07000000029802322,1.0,0.3131443184585583,0.31448303781500436,1.0,1.0,10.16782042075519,52.832182108235806,8.112273792131859,55.185688145396135,0.04814334032012195,0.054295078843462616,0.05071313112586147,0.24280639306777288,0.2855295381847261,0.2611317768743614,0.8225551576244502,0.8915458230770192,0.8541500307902581,199.30895614624023
194,110044,0.0005,0.09402320320095743,0.0030861675797658906,89.62023788507058,0.0017687293802417245,0.0013174382015838937,0.00017727740732900193,0.0,0.0,2.5923040737064108e-05,0.062897591224936,0.06858339383736438,0.05721178775975724,0.10771813675290534,0.07000000029802322,1.0,0.31313143747120276,0.31450647244104046,1.0,1.0,10.169841719455407,52.83016082049846,8.042975276815849,55.22264520552863,0.04802278307427029,0.05412083213589564,0.0505547833521707,0.2426964760970612,0.2854363137557477,0.2609879430659005,0.8227213021041584,0.8922623333479108,0.8545185452887937,208.50701475143433
195,112545,0.0005,0.09407666957423669,0.0030813041320325706,89.66985629301746,0.0017605084807403282,0.0013207956488950454,0.0001809841679272888,0.0,0.0,2.6086632062912874e-05,0.06295255019587548,0.06864423064685544,0.057260868931617415,0.10782039160730361,0.07000000029802322,1.0,0.31310454715804453,0.31449581059168835,1.0,1.0,10.134749912824788,52.865252576032574,8.070735873912916,55.26039370323648,0.048235295725459815,0.05443535476434426,0.050805476596537995,0.2428897581592363,0.28541581414309275,0.26113814154847625,0.82308599997501,0.8918283272628449,0.8545562296879382,207.38831090927124
196,115046,0.0005,0.09385514783202673,0.003073286555102523,89.46692083969634,0.0017569592651832508,0.0013163272885635762,0.00017871071359064407,0.0,0.0,2.6145342020367544e-05,0.06268702806686698,0.06827756822308818,0.05709648685234158,0.10753218918407216,0.07000000029802322,1.0,0.31303020041497026,0.31449268557211724,1.0,1.0,10.165217172999421,52.83478531194944,8.06039608930979,55.19928581454381,0.04855977530862655,0.05484554225184926,0.05117354022193014,0.24460977327818872,0.2874338545831667,0.2630281784608573,0.8243217361492903,0.8920113595186925,0.8553625551379713,190.04263162612915
197,117547,0.0005,0.09385105538241914,0.003069322333969615,89.46200357747526,0.001754095138096977,0.001315227194467485,0.00017836138278032624,0.0,0.0,2.6172240458178305e-05,0.06269881034233436,0.068285354247383,0.05711226566273515,0.10756698120884398,0.07000000029802322,1.0,0.3131428490467712,0.314512081631943,1.0,1.0,10.121622216649076,52.878380286984324,8.120137608179995,55.23238494976765,0.048633085828168734,0.05494042617328069,0.051266960585947895,0.24395671418932427,0.28635938202843864,0.26220607769186616,0.823819202787635,0.8926091672705918,0.8553367984719107,172.69005680084229
198,120048,0.0005,0.09385799279496794,0.0030627060929540083,89.4597469682171,0.0017539541764579182,0.0013087519193354879,0.00018080682203673473,0.0,0.0,2.615727057640483e-05,0.0628301519178143,0.06843518789728038,0.05722511517720335,0.10775000724445481,0.07000000029802322,1.0,0.31314275232030125,0.3145365562261652,1.0,1.0,10.254520764783686,52.74548168098483,8.05254347645631,55.25290902468358,0.04818150864654138,0.05428931942847861,0.05071540937343034,0.2433227880722711,0.2857220393092763,0.26155355331100305,0.8243833326044582,0.8929970004185825,0.8558251640406764,171.7702124118805
199,122549,0.0005,0.09376435479620655,0.003061264362342593,89.37834655108904,0.001750974094299957,0.001310290268415016,0.00017621283447825692,0.0,0.0,2.6236304768767465e-05,0.0626553240381494,0.06822360846780387,0.05708703888458807,0.10752044354186731,0.07000000029802322,1.0,0.3130994116733285,0.3145053902538907,1.0,1.0,10.152404370187808,52.84759821047167,8.056262273018191,55.21702411259617,0.04867857544482207,0.05491436238004798,0.051268882421841445,0.24446032134021392,0.28683985390218913,0.26270452154869556,0.8240976070509296,0.8924899766655837,0.8554706272603225,171.4390730857849
200,125050,0.0005,0.09379904536230237,0.003058969130681292,89.41364536033731,0.0017497700401257854,0.0013091990910268005,0.0001791855236716197,0.0,0.0,2.6138252862000984e-05,0.06264664353828867,0.06817988010390741,0.0571134062778087,0.10756135039308556,0.07000000029802322,1.0,0.3131198978266779,0.31454152195323043,1.0,1.0,10.186309204345605,52.813693260488776,8.091996532399765,55.21523647926084,0.04854239944647141,0.05481303572321072,0.05114094250132052,0.24411143745626748,0.2867183204843063,0.26240417105657776,0.8237786916483406,0.8923968498538085,0.8552219525950758,172.05755162239075
