epoch,global_step,lr,loss_total,loss_cd,loss_apml,loss_p2g,loss_g2p,loss_center,loss_bbox,loss_hd,loss_repulsion,precision_0_01,recall_0_01,fscore_0_01,precision_0_02,recall_0_02,fscore_0_02,precision_0_05,recall_0_05,fscore_0_05,epoch_time_sec
1,2501,0.0005,0.2692252024114489,0.03249593531345723,269.2251493018515,0.025221155142643954,0.007274780181100274,9.95788701850327e-05,0.0,0.0,7.920565462991319e-06,0.007268967413034786,0.008084461527888845,0.00760143241974101,0.04515693722510995,0.05982655765818672,0.050432431232994096,0.272474896760046,0.4718629149902539,0.3351790661112171,181.68829798698425
2,5002,0.0005,0.20802592285951582,0.018807560930297416,208.0258591814739,0.013639635157312265,0.005167925744567897,6.874915383494544e-05,0.0,0.0,1.0745701808141652e-05,0.010867723223210717,0.012343402482756897,0.011456157236786575,0.06512922174880048,0.08626764138094763,0.07268985369881732,0.37020699532686924,0.5543784439349261,0.43505957369647563,197.60204577445984
3,7503,0.0005,0.19286380826485533,0.01645050665148806,192.86373477647516,0.01159474003522127,0.004855766595460055,7.777536047044424e-05,0.0,0.0,1.2822680710345491e-05,0.012770282511995202,0.01450289025014994,0.01346163755212566,0.07509857385170932,0.0977463506784786,0.08332188910313519,0.41333183523465616,0.5822208226084566,0.4745104493933027,197.49160885810852
4,10004,0.0005,0.18416557709177414,0.015071907883747572,184.1654979975783,0.010475603857313002,0.004596304035138954,7.78516433861043e-05,0.0,0.0,1.4107049875793727e-05,0.01433157205867653,0.01632686769042383,0.015130988101074445,0.08318235205917633,0.10759865975484806,0.09205634973668417,0.44123005094837064,0.5992110968112755,0.49882806569742993,211.57507467269897
5,12505,0.0005,0.1783960284572132,0.013966624303989005,178.395945585999,0.009579586886275956,0.004387037424066784,7.493148362072043e-05,0.0,0.0,1.4891119177560058e-05,0.015237850172431027,0.017394799892542983,0.016097673916536086,0.0877641131047581,0.11278330464689125,0.09697636287780058,0.4601222987367553,0.6106926370076969,0.5156099772939488,198.8391661643982
6,15006,0.0005,0.17221009311843805,0.012879105356586327,172.2100075893715,0.008700437810541395,0.00417866755298051,7.040512084221665e-05,0.0,0.0,1.5443390173798118e-05,0.01592683239204318,0.018079096486405436,0.016801648517497672,0.09225938530837664,0.1176429818697521,0.1016088118404299,0.48058364544807075,0.6264506892555478,0.534779590184762,218.0398714542389
7,17507,0.0005,0.16791759845895654,0.012238954183649642,167.91750869232385,0.008185091666805214,0.004053862508023675,7.432914488960204e-05,0.0,0.0,1.638777656248427e-05,0.016966650839664133,0.019386776539384247,0.017924629770530637,0.0969987981369952,0.12315786575994603,0.10672815745157964,0.49589851559376247,0.6361982550729708,0.5483461422402589,194.40974044799805
8,20008,0.0005,0.16575221194238102,0.0119533147785298,165.75212214766194,0.007939025430699161,0.0040142893545218414,7.661114848503474e-05,0.0,0.0,1.640899663440008e-05,0.017200053572321072,0.01958064430477809,0.018142457469040658,0.09866287859856057,0.12503162797381048,0.10838182516521165,0.5033864383933926,0.6412744472523491,0.554670390642819,211.58009886741638
9,22509,0.0005,0.1631220061777354,0.011642049594850438,163.12191423479436,0.007766509785407,0.003875539810839863,7.748938146116572e-05,0.0,0.0,1.6887972268931028e-05,0.01795297505997601,0.020438406668582567,0.01895360103346592,0.10224123241328469,0.12871082035935627,0.1121240529767582,0.5135602985368353,0.6481061872126149,0.5639457182674968,210.4098997116089
10,25010,0.0005,0.16061080614032625,0.011331520329022118,160.6107120628311,0.0074953473144362065,0.0038361730148768337,8.164092049855189e-05,0.0,0.0,1.7253090362112486e-05,0.01844047537235106,0.02093742581092563,0.019446389560523653,0.10522656171906238,0.13194614732232107,0.11524028867566552,0.5241295083529088,0.6548277173505598,0.5732133711566452,205.9400990009308
11,27511,0.0005,0.15878460238107153,0.011053603415687258,158.7845073579455,0.007302491923445789,0.0037511114829552415,7.957378704504764e-05,0.0,0.0,1.7515801609428532e-05,0.018703651351959217,0.021236817772890843,0.019715436504873,0.10689034932901839,0.13362799411485407,0.11698398439668682,0.530042475197421,0.6580771988079768,0.5781882452111585,203.76981949806213
12,30012,0.0005,0.15662299837769628,0.010873291578541538,156.6229027081184,0.007117719547759767,0.0037555720408127585,8.179400688999233e-05,0.0,0.0,1.7679577094499268e-05,0.01914702868852459,0.021775859968512595,0.020183108587021673,0.10992399915033986,0.1375059351259496,0.1201928631752217,0.5397936528513595,0.6656283775552279,0.5872383014243491,191.25714588165283
13,32513,0.0005,0.155620490626448,0.010692654608576442,155.62039403446386,0.006983251056293348,0.003709403549827712,8.064693193981392e-05,0.0,0.0,1.7841659741736344e-05,0.019500891049830067,0.02210170619252299,0.020551701705976918,0.1107992349935026,0.13823542848485607,0.12115037523214517,0.5413617756022591,0.6662132022191124,0.5888293575330145,201.7369465827942
14,35014,0.0005,0.15412071653035153,0.010531401474083565,154.12061788291274,0.0069104537151328275,0.0036209477505256393,8.778915865537446e-05,0.0,0.0,1.8266817774821582e-05,0.019841575088714515,0.02255962849235306,0.020939527084466864,0.11233504645016994,0.1395104067747901,0.1226844986649703,0.5479776839264294,0.6715759985068472,0.5948319338002904,203.83484745025635
15,37515,0.0005,0.152023881757226,0.010230609005913273,152.02378233277003,0.0066951724455976,0.0035354365620961148,8.673915410258114e-05,0.0,0.0,1.8455627895320937e-05,0.02032087555602759,0.023093789827818872,0.021423898826440576,0.11510054181452418,0.1429378443934926,0.1256215846220382,0.5548113762307577,0.6771685856907237,0.6014612857661977,199.55371046066284
16,40016,0.0005,0.1507421617077046,0.010020688077055442,150.74206198410528,0.006544126258347137,0.0034765618299495283,8.674210300187285e-05,0.0,0.0,1.8516587686838315e-05,0.020533388207217115,0.023421881247501,0.021674313619252487,0.11601043176479409,0.14424835534536185,0.12670765418681454,0.5591105354733107,0.6809645282511996,0.6057501637497124,204.58442282676697
17,42517,0.0005,0.14964128863878223,0.009875791999170692,149.6411877570749,0.006412238233407806,0.0034635537755960486,8.701662020304029e-05,0.0,0.0,1.8749020570475603e-05,0.020869581854758096,0.0236519649952519,0.021979086301581817,0.11818104789334266,0.14609615138319673,0.12882863812786086,0.5647884400927129,0.6838052864791584,0.6103619946116974,210.89369130134583
18,45018,0.0005,0.14802196188444425,0.009662361456085367,148.02186004107878,0.006259617305420129,0.003402744151200535,8.662985715545619e-05,0.0,0.0,1.8995522790943386e-05,0.021135686350459815,0.02409729467587965,0.02231857878952341,0.11930969799580168,0.14787707963689525,0.13021497870246168,0.5700167198745502,0.6886616447171131,0.6156595113431392,211.75537610054016
19,47519,0.0005,0.14761523300798976,0.009678730658567945,147.61513064451952,0.0063026940871978914,0.003376036585287758,8.953914242466017e-05,0.0,0.0,1.905617668595472e-05,0.021414773934176328,0.024340849597660936,0.0225845507249461,0.12037050414209316,0.14890352452768893,0.1312752563658296,0.5723371784098861,0.6899507775014994,0.6176804583318612,206.03082513809204
20,50020,0.0005,0.14639438272434108,0.009430487077023725,146.394280112967,0.00611907840093005,0.0033114086808647956,9.306160509528517e-05,0.0,0.0,1.917535099496103e-05,0.021783376493152738,0.024602170850409836,0.022915150631727076,0.12282225781562375,0.1514968231457417,0.1337440622860982,0.5787732758459116,0.6956658742752899,0.6237934583701977,213.75463199615479
21,52521,0.0005,0.14544533339382315,0.00933874188198532,145.44523148382248,0.006058295389700842,0.00328044648694315,9.602563109587501e-05,0.0,0.0,1.9010368579146932e-05,0.021909693153988406,0.024873937143892442,0.023096901654103462,0.12348400483556578,0.15255060085340863,0.134561119363552,0.5805377067922831,0.6972768509783587,0.6256019860172405,208.01266956329346
22,55022,0.0005,0.14387428297138796,0.0091038391194971,143.8741785405589,0.0058934590765047905,0.003210380040734756,9.063761219637444e-05,0.0,0.0,1.9516350987999225e-05,0.022474799142842863,0.025571900146191522,0.023714106325514434,0.1255279138344662,0.15454472507871853,0.1367026729299212,0.5852691150102459,0.700940912697421,0.6301197756747635,206.84298086166382
23,57523,0.0005,0.14353450744158505,0.00909680276446775,143.53440207779192,0.005855841861196385,0.003240960908147217,9.582357113021627e-05,0.0,0.0,1.971534109169592e-05,0.02279508118627549,0.025935719462215113,0.024046755182991188,0.12696366765793682,0.15588061650339863,0.13816133903630706,0.5885958116753298,0.7023544097985805,0.6327347979873049,214.07041358947754
24,60024,0.0005,0.14192519835481307,0.008889712546564793,141.92509261554167,0.005723666411354208,0.003166046146370351,9.62112508530351e-05,0.0,0.0,1.9809962839649233e-05,0.023307083416633345,0.026517127523990405,0.024585988960180077,0.12964833597810876,0.15907435853783486,0.1410165780396318,0.5929943452306577,0.7064436920544283,0.6370355467148563,202.54461193084717
25,62525,0.0005,0.14104425418423397,0.008706352132309626,141.04414808478464,0.005574697406190011,0.0031316547282026156,9.808267223198439e-05,0.0,0.0,1.988514495747922e-05,0.02336555612130148,0.026465195171931227,0.024621631841405017,0.13060879163959416,0.16018211855882647,0.1420757862985408,0.5977637265406337,0.7104703040658736,0.6416883076169118,196.40564489364624
26,65026,0.0005,0.14052809452543447,0.008660776466579928,140.52798812725885,0.005549187310154876,0.0031115891594273664,0.00010506207886379377,0.0,0.0,1.9942347357917176e-05,0.023555909667383048,0.026726614041883246,0.02482919718037586,0.13144380919507198,0.1612405818922431,0.14296248447044235,0.6001237200432327,0.7119865920819173,0.6438416050093883,202.8935101032257
27,67527,0.0005,0.13905443434641868,0.008495919001450697,139.054327800435,0.0054272041753919776,0.00306871483325031,0.0001011300176523215,0.0,0.0,2.0029945941508626e-05,0.023812740528788484,0.02719205286635346,0.025140620792461117,0.13277511261120553,0.16295142099410237,0.14442521479518497,0.6050630529038384,0.7161659750162435,0.6484936550766027,202.6895408630371
28,70028,0.0005,0.13865092056678657,0.008393830544531631,138.65081247774327,0.0053365597314648525,0.0030572708074228933,0.00010113789923703918,0.0,0.0,2.0294273798110848e-05,0.02386418479483207,0.027208647790883646,0.025186326391933512,0.13291343618802479,0.1627090374787585,0.14444383098555805,0.6054756808214214,0.7161151164534186,0.6489237783784296,204.90638494491577
29,72529,0.0005,0.13749211352439175,0.008235677207283146,137.49200479110112,0.0052214373263479415,0.0030142398798995215,0.0001091454289300683,0.0,0.0,2.046604809098402e-05,0.024517536735305878,0.027919984350009995,0.025873729676493807,0.13536850884646143,0.1658250762195122,0.1472496462908418,0.6103918784048881,0.71928679699995,0.6533918918990365,201.02325201034546
30,75030,0.0005,0.13707888053535747,0.008198770935457648,137.0787726215056,0.005196236205095129,0.003002534729652669,0.00010487732190443278,0.0,0.0,2.027033016085235e-05,0.024444811918982408,0.027766725341113553,0.025775910596546086,0.13578474860055978,0.16621720452444022,0.14759260067855512,0.6121512332566973,0.7221599641393442,0.655604383025299,196.71226906776428
31,77531,0.0005,0.13576716841941402,0.008001399631636208,135.7670605723165,0.0050586073717591344,0.002942792269046933,0.00010436229336690002,0.0,0.0,2.024657700936788e-05,0.024436612073920432,0.02780479605032987,0.025771539838167608,0.1363298430627749,0.16750204215188924,0.1483840802725388,0.6165133555952619,0.7254489805640244,0.6596830555232989,202.03896498680115
32,80032,0.0005,0.13495870007545363,0.007864067073921111,134.95859199960154,0.004956372953858822,0.002907694123960642,0.00010707697218804685,0.0,0.0,2.035656395027585e-05,0.024938852583966414,0.02836121410810676,0.026312525528239185,0.13793828171856257,0.16869668148365655,0.14993672290729765,0.6190659478396141,0.7279482738154738,0.6623449115181674,208.46988129615784
33,82533,0.0005,0.13360534452262376,0.007718948173712417,133.60523411027435,0.004850631613945883,0.0028683165613724226,0.00010853845684228546,0.0,0.0,2.0789641758401317e-05,0.025487558882696923,0.029083971879998,0.026913290500871,0.14068727977558976,0.17183624597036185,0.15284772022965787,0.6263996354583167,0.7332627495876649,0.6691095941081519,200.21271276474
34,85034,0.0005,0.13387343547389252,0.007733015956205191,133.87332633169876,0.004855334384307103,0.0028776815699896397,0.00011137008761372537,0.0,0.0,2.057426119884584e-05,0.02528334369377249,0.02878194425354858,0.02668016407453436,0.1398831092562975,0.1709635481744802,0.15200268696421615,0.6244105873275689,0.7327915513482107,0.6676625783195118,207.54497003555298
35,87535,0.0005,0.1323619051555284,0.007536880321149416,132.3617953072067,0.0047366956209849344,0.0028001846946486015,0.00010838307253215927,0.0,0.0,2.068215059977888e-05,0.025573754873050778,0.029090707467013196,0.02697153100198353,0.1413589837502499,0.17277737342562974,0.1536597346425986,0.6279779103983406,0.7366883324795082,0.6714416170110706,207.1733419895172
31,2501,0.0005,0.13600437105839988,0.008085083498250654,136.0042620769075,0.005090875016832229,0.0029942084839785386,0.00010876942624221561,0.0,0.0,2.050382715883641e-05,0.02490478418007797,0.02842769142343063,0.026313513555222885,0.1374636668769992,0.16827770844787085,0.14954217226028158,0.6172096591051079,0.7246189414859057,0.6597648822024363,179.445405960083
32,5002,0.0005,0.13481768872030303,0.007875078504031687,134.81757963928686,0.004964543943677317,0.0029105345576080676,0.00010725824404944172,0.0,0.0,2.049895563392901e-05,0.025009820290633745,0.02850168526339464,0.026394421377348477,0.13844735543282688,0.16982435541408436,0.1506332728582792,0.6219409697058677,0.7302982127461516,0.6651260893000979,181.19375824928284
33,7503,0.0005,0.13401664343507277,0.007762050456869216,134.01653403579974,0.004878957516516372,0.002883092943855544,0.00011768354013528493,0.0,0.0,2.0619351685878126e-05,0.025309797955817673,0.028789265543782486,0.026706902653679716,0.13988828296806277,0.17090800398590564,0.15202475370305246,0.6240812268842463,0.7315680173243203,0.6670021580391433,181.24716544151306
34,10004,0.0005,0.1335370660331644,0.007691860887505373,133.53695625936638,0.004847257537292506,0.0028446033507132525,0.0001169035750912539,0.0,0.0,2.0665953092711967e-05,0.025433283717762895,0.02902608487854858,0.02686478442852063,0.13986680718337666,0.17108264116228508,0.15207783870848834,0.62468762495002,0.7324755644617154,0.6677832555849521,180.05724930763245
35,12505,0.0005,0.1325992408533637,0.007593742395356083,132.5991311650999,0.004777210654641708,0.0028165317378866144,0.00011730022966339013,0.0,0.0,2.065757398293649e-05,0.025454173799230307,0.029019349291533388,0.02687720259003042,0.14105227049805077,0.172691275052479,0.15340382299005764,0.6293120447133647,0.7365708013669532,0.6721557538505079,180.34828186035156
36,15006,0.0005,0.13188176113562505,0.00748774763939605,131.881651128306,0.004682251237082768,0.0028054964029067633,0.00012035679335239445,0.0,0.0,2.072469585016029e-05,0.025694702587714915,0.02917729392617953,0.027087531069147273,0.1422590143630048,0.1737104962702419,0.1545612819393019,0.6321299605157937,0.738263190817423,0.674792663537946,179.76055455207825
37,17507,0.0005,0.13069165027180896,0.00733522029223255,130.69153987574893,0.004590126849110106,0.002745093449487815,0.00012470163193245302,0.0,0.0,2.081932868914875e-05,0.026232280525289885,0.029812000980857657,0.027667067659294897,0.14455096867502998,0.17657068032162135,0.15708714636450097,0.6361907385483306,0.7424307620701719,0.678915297720538,180.11056780815125
38,20008,0.0005,0.1302600469855798,0.007297701791065876,130.2599361836076,0.004563584610153629,0.0027341171725918803,0.00012615733628265952,0.0,0.0,2.0896098463259293e-05,0.02655734581167533,0.030245909448720514,0.0280288874684814,0.14583727056052578,0.17812621045331867,0.15854457728654112,0.6386995982856857,0.7446090899577669,0.6813018581227082,180.38384175300598
39,22509,0.0005,0.12958454473710498,0.00719647830969314,129.5844337969768,0.004482510908122235,0.002713967392354498,0.0001250498415283575,0.0,0.0,2.0929442519113715e-05,0.026518298930427828,0.03009265043982407,0.027951236364285707,0.14566419525939625,0.17774599144717113,0.15829002960357533,0.6416272358244203,0.7472261095561775,0.6842489385785984,196.60270619392395
40,25010,0.0005,0.12865488550535253,0.00706133969472211,128.65477494152486,0.0043904451966719155,0.0026708944938260083,0.000124442717148487,0.0,0.0,2.090421064543111e-05,0.027109468712514993,0.030764452031687324,0.028568623307180026,0.14888273206342462,0.18143260274015394,0.16168337637131833,0.6457156395254399,0.7501745395591763,0.6879662526507037,200.3818473815918
41,27511,0.0005,0.12798530347153741,0.0069710483339509785,127.98519237934708,0.004328890798645267,0.00264215753638794,0.00012444128525953847,0.0,0.0,2.1005081845403254e-05,0.026951133609056377,0.03066468725009996,0.02843732815353153,0.14763830795806676,0.18007757834366253,0.1604732141481107,0.6468340398215714,0.7523344177953818,0.6897031598773207,198.09214210510254
42,30012,0.0005,0.1271604430444333,0.006898724882374155,127.16033081548875,0.004269435769994325,0.0026292891086443925,0.0001269534980316084,0.0,0.0,2.1209129262301248e-05,0.02731768620676729,0.03110220755447821,0.028822386254895714,0.14996882106532386,0.18288797762145143,0.1629611562702154,0.6510698454993002,0.7549156118802479,0.69324517526516,199.28163766860962
43,32513,0.0005,0.12710135426820635,0.006888665775422145,127.10124211728882,0.004272256865071543,0.002616408914539878,0.00012885938999155993,0.0,0.0,2.1226944147597374e-05,0.02732266468412635,0.031018159142592962,0.028808431347321178,0.1498356712002699,0.18269606220011994,0.16281219654422743,0.6511310514856558,0.7546763521154038,0.6933347392277639,210.64481949806213
44,35014,0.0005,0.12620924023098823,0.006751119332318781,126.20912677256977,0.004175329334527084,0.0025757900047970964,0.00013224368190841845,0.0,0.0,2.148593304519934e-05,0.027774632334566174,0.03170919132347061,0.02934289178824047,0.15148393767493004,0.18438825641618353,0.16454234253726854,0.6548277173505598,0.7567009329080868,0.6964387274989602,196.37163543701172
45,37515,0.0005,0.12503870292270675,0.006639429032750449,125.03859014255626,0.004116385452761563,0.0025230435692364115,0.0001322369544464307,0.0,0.0,2.1383677492832074e-05,0.028030291789534187,0.031886561781537384,0.029572340125152495,0.15319565533161736,0.18664663041033586,0.16645784275617445,0.6600943606932227,0.7630112993864954,0.7022280325083101,188.0218620300293
46,40016,0.0005,0.12461891252605593,0.006590577217763099,124.618800377188,0.004074212469643534,0.0025163647496789063,0.00013058604418960868,0.0,0.0,2.1276427710957893e-05,0.028149384777339064,0.03202254254548181,0.029706384114431786,0.15450548296306477,0.18799989769717113,0.16774892018231355,0.6615803873762994,0.7635356013844462,0.7032800723330491,215.03530478477478
47,42517,0.0005,0.12420624211692705,0.0065518201951899,124.20612862185448,0.004038133595094289,0.0025136865958248766,0.0001333241690587261,0.0,0.0,2.1507566523186174e-05,0.028381030400339863,0.032263168951169534,0.029947387563001016,0.15486559282536985,0.18801815211415435,0.16808057280897093,0.6628214924967513,0.7643160509233806,0.7043989200215014,220.16674208641052
48,45018,0.0005,0.1233888582774445,0.0064407950681701276,123.3887448896174,0.003958474168067899,0.0024823208959362263,0.00013896801212078,0.0,0.0,2.151549981473228e-05,0.028376344774590164,0.03230709669257297,0.02994360718544705,0.1551500493552579,0.18884340794932028,0.16849419867313775,0.6663324904413235,0.7678635577019193,0.7080445832333437,243.6245937347412
49,47519,0.0005,0.12303363041179936,0.006394865479311351,123.03351686974136,0.003928872292976966,0.002465993182331298,0.00013941935332907276,0.0,0.0,2.1543936888750157e-05,0.02875139006897241,0.03277341407187125,0.030356918476236727,0.15653455414709116,0.19025719790208917,0.16992912255227566,0.6671832243665033,0.7675877891031088,0.7085260419143005,189.3724284172058
50,50020,0.0005,0.12195752455634339,0.006271088259691773,121.9574103814895,0.0038382951114814532,0.002432793148629247,0.00014125780985652404,0.0,0.0,2.1690320765849812e-05,0.029293360780687724,0.03332719646516393,0.03090929804442049,0.15895975594137346,0.19287148421881248,0.17249271174708827,0.6723796809401239,0.7734809396553879,0.7141632294473721,190.14666557312012
51,52521,0.0005,0.12148827893949184,0.006228850866387338,121.4881646203213,0.0038234848617401044,0.0024053660004928683,0.00014014833306111936,0.0,0.0,2.168016660952006e-05,0.029313860393342665,0.03331977755772691,0.030922649378908044,0.15964005022990804,0.19388680074845063,0.1732774248092723,0.673161497119902,0.77385598494977,0.7147660572461632,189.67802119255066
52,55022,0.0005,0.12128728238202152,0.006200695182520767,121.28716747553908,0.003797658139303355,0.002403037049175493,0.00014077991308971853,0.0,0.0,2.1816563610766696e-05,0.0295644437537485,0.033650895110705716,0.03120961882447156,0.16037979339514194,0.19434638254073372,0.17399970266740114,0.6748407082479508,0.7746998856707317,0.7161968304771559,190.77742385864258
53,57523,0.0005,0.12054984686059839,0.006120023147340995,120.54973166220573,0.00372658219512981,0.002393440953828711,0.00014080163178083137,0.0,0.0,2.1897468064614842e-05,0.0297757849985006,0.03385989354258297,0.031415276967066495,0.16148081782911836,0.19588160829418233,0.175255008506589,0.6776393934613655,0.776547193622551,0.7186724930072202,216.44829297065735
54,60024,0.0005,0.12016973295351449,0.0060752802345509236,120.16961788282734,0.003685980121411833,0.0023893001094036533,0.00014342104307205755,0.0,0.0,2.1858720301628655e-05,0.029886970992852858,0.03391124019142343,0.0315114290460755,0.16213416976959216,0.19662340142068171,0.17588661643477235,0.6789831918794982,0.7776817983744002,0.7198239215037099,195.00137448310852
55,62525,0.0005,0.1195360472927042,0.005988983721265652,119.5359314846449,0.0036290672358039056,0.002359916482145236,0.00014447606344649295,0.0,0.0,2.200514338018642e-05,0.030165180021741303,0.03429868287060176,0.031829230088481035,0.16350569147341062,0.19806159567423032,0.17733010367714896,0.6831369991066074,0.7813662620889145,0.7239516520204662,207.24350810050964
56,65026,0.0005,0.11868089927834828,0.005887904461440271,118.68078266130071,0.003580660267314296,0.002307244189168665,0.0001412099557460622,0.0,0.0,2.2179180269231233e-05,0.03039087099535186,0.03465849988129748,0.032101492496726454,0.16490191032961815,0.19969434101359457,0.17886964304864955,0.6865902076669332,0.7841897420719213,0.7272461537526446,200.65002942085266
57,67527,0.0005,0.11864106781164058,0.00589099026280271,118.6409521472783,0.003583317755284242,0.002307672506901713,0.00014929368936012725,0.0,0.0,2.2000414616218612e-05,0.030153368340163935,0.03426676204518193,0.031817593158124796,0.16408221867502998,0.19876395145066975,0.1779604274913615,0.6848328051591863,0.7835217475509796,0.7259183678804326,195.97616600990295
58,70028,0.0005,0.1179511417500356,0.005803208766936711,117.9510254598722,0.00350525580036671,0.002297952967233303,0.00015081129824774566,0.0,0.0,2.2156843620834142e-05,0.030863435875649742,0.03511710550154938,0.03256439434534616,0.1665585718837465,0.20168377961315473,0.18064272849455995,0.6897276245751699,0.7859058525027489,0.7299819189827236,191.55057191848755
59,72529,0.0005,0.11717852193121908,0.005735680016028773,117.17840467572736,0.0034567426638266235,0.0022789373549135412,0.00014922727392854878,0.0,0.0,2.2360399725130446e-05,0.031260445040733706,0.03558332526364454,0.032992604255649455,0.16821064542932826,0.20324955955117952,0.18233904920992067,0.693374993752499,0.7892029711552879,0.7335643409514895,189.75334811210632
60,75030,0.0005,0.11697958443747287,0.005717439904677921,116.97946749492341,0.0034522606829315928,0.00226517922005898,0.00015049714356126325,0.0,0.0,2.228924278074855e-05,0.031070579580667734,0.035346896397690925,0.032794599486581956,0.16776160629498202,0.20284552194747102,0.1819129088325281,0.6925092267780388,0.7887621318660036,0.7328016355913766,194.42069363594055
61,77531,0.0005,0.11649605905602141,0.00562188732445237,116.49594149766851,0.003387250064872019,0.002234637260901137,0.00014901976821414067,0.0,0.0,2.239670572530709e-05,0.03140569943897441,0.035711496651339464,0.03314098569697461,0.16893740550654737,0.20419722735905638,0.1831682271546409,0.6950220888207217,0.7909661330780188,0.7353335084056244,192.85309433937073
62,80032,0.0005,0.11557959680591093,0.005539630939767863,115.57947934107607,0.003327494979127035,0.002212135965889059,0.0001503851976389526,0.0,0.0,2.241745295807322e-05,0.03179148262569972,0.03612988398390644,0.033535354385492815,0.17077670884771093,0.2063616936038085,0.1851026319579535,0.6992434471523891,0.7942941963839464,0.7392976669514956,194.76950120925903
63,82533,0.0005,0.11548470260529983,0.00551986075153981,115.48458505696843,0.0033075865297951586,0.0022122742188005213,0.0001500760948165218,0.0,0.0,2.240081089474174e-05,0.031817741653338664,0.036207001574370255,0.03358342951327124,0.17115019226684328,0.20664985958741502,0.18551070998977276,0.6998792279963015,0.7945320895079468,0.7397671678051001,194.35311341285706
64,85034,0.0005,0.11507563917685013,0.005494139195497676,115.0755217215482,0.0032877588546478334,0.0022063803455627776,0.0001529550740728035,0.0,0.0,2.24269818326135e-05,0.03206852024815074,0.0364847225172431,0.03383904078439837,0.1723200368290184,0.20805662110155937,0.18675388074496754,0.7021870939124351,0.7964077064486705,0.7420438288843951,195.16886949539185
65,87535,0.0005,0.11474115301708564,0.005452413947127092,114.74103546447631,0.003279349710302623,0.00217306423652191,0.0001567053761716631,0.0,0.0,2.2438256874432967e-05,0.03203484231307477,0.03643083782112155,0.03381064776094725,0.1725829199570172,0.2082030469062375,0.18699705400621472,0.702903799417733,0.7980939460153439,0.7430353808681853,193.5231637954712
66,90036,0.0005,0.11441913521627053,0.005399823257695327,114.41901751109859,0.003230927217543581,0.002168896043235518,0.0001546202908969985,0.0,0.0,2.245264891732987e-05,0.03237630728958417,0.03679817135645742,0.034161977924829924,0.17365280450319873,0.20975564852184125,0.18824074442376618,0.7042405693972411,0.7984628414259296,0.7441478149383748,193.9639949798584
67,92537,0.0005,0.11398896841747148,0.005391283596285664,113.9888502591517,0.0032307987877043757,0.002160484803891627,0.00015719241610247887,0.0,0.0,2.2552443762596616e-05,0.03248261242378049,0.03687694843937425,0.034275492153237344,0.17454971136545383,0.21036585365853658,0.18905248987327952,0.7059895768255198,0.7997105845161935,0.7455700343487407,191.36316180229187
68,95038,0.0005,0.1131769657084366,0.005276761027421655,113.17684614691721,0.0031509076668525256,0.0021258533639554604,0.00015490341899781183,0.0,0.0,2.285519775880278e-05,0.03300828106257497,0.037560756947221115,0.034837685983444826,0.17634206083191722,0.21245574036010595,0.19103025975244278,0.7094598683963914,0.8025886325157437,0.7490763589292944,191.9704966545105
69,97539,0.0005,0.11311046867335334,0.005271665036545374,113.11034955067045,0.0031571261518568198,0.0021145388866202763,0.00015505627605494481,0.0,0.0,2.2743249752036434e-05,0.033046839857806876,0.037522588620801677,0.03484679704860839,0.17676132671931227,0.2129869731794782,0.19144690925644928,0.7101339151839264,0.8031755071408937,0.7495999893680757,191.725501537323
70,100040,0.0005,0.11215516055276135,0.005174458533415987,112.1550409117969,0.003076908787306002,0.0020975497466685553,0.000152126941564339,0.0,0.0,2.282976110216944e-05,0.03317374222186126,0.03768258321671331,0.03499528121200205,0.1777010875337365,0.21440740110205916,0.19260171729205894,0.7156979981444922,0.8076770268455118,0.7548298569428162,193.0327546596527
71,102541,0.0005,0.11196937328014599,0.005150715343239696,111.96925413184336,0.003060085917107116,0.002090629427913023,0.00015924099616485294,0.0,0.0,2.2773192075150944e-05,0.03330025411710316,0.03792340485680728,0.03517108846607371,0.17840110049730107,0.2150227799505198,0.19327927141732237,0.7156478229020892,0.8072577609581167,0.754688905053785,193.12501335144043
72,105042,0.0005,0.11167761182985225,0.005135054450558654,111.6774909482008,0.0030496045044751414,0.002085449945210747,0.00015540403746956103,0.0,0.0,2.3145181693817235e-05,0.03400026708066773,0.03852677678928429,0.035834819607597525,0.1808545136632847,0.21685798336915235,0.19559704898664804,0.7181301307601959,0.808382506372451,0.7565645203500784,203.4731843471527
73,107543,0.0005,0.11130959374672983,0.005086676596209775,111.30947320931247,0.003014102527472909,0.002072574075742266,0.0001550340636361691,0.0,0.0,2.3041608770739516e-05,0.03406547537235106,0.03868179290783687,0.03594338712485426,0.18095300942123152,0.2175100662859856,0.19586208374610023,0.7184893620676729,0.8098237267592963,0.7575040311395812,215.23944854736328
74,110044,0.0005,0.11099769088511513,0.005058889823072202,110.99757072421275,0.003000600304379996,0.0020582895176565245,0.00015360460492976917,0.0,0.0,2.2992495300446744e-05,0.03399411719687125,0.03861834172580968,0.035867047254092954,0.18141532449520192,0.21793021072820873,0.1963364641111,0.7206385024115354,0.8112010078780988,0.759289787774656,215.88742017745972
75,112545,0.0005,0.11044291729202084,0.004991491244742233,110.4427960703536,0.0029480399628307057,0.0020434512896267774,0.00016163015580815762,0.0,0.0,2.3203797591209842e-05,0.03431967056927229,0.03898645619877049,0.036221184293649754,0.18178197471011595,0.21833444356632348,0.19676364896024337,0.7216438619864555,0.8120627725472311,0.7604157022956084,223.8712592124939
76,115046,0.0005,0.1103222903142758,0.0049755239581055445,110.32217021486083,0.002944150072415309,0.002031373884910565,0.00016180387840423474,0.0,0.0,2.296493281568039e-05,0.03403355454693123,0.03862507731282487,0.0358948237939467,0.18202875099960017,0.21878289699745102,0.19705431584249444,0.7228718864016893,0.8135082880910136,0.761729057778458,220.2861886024475
77,117547,0.0005,0.10970925175097407,0.0049152996032688695,109.70913178307778,0.002911076738078967,0.0020042228563458752,0.00015552565498094044,0.0,0.0,2.2974044842270404e-05,0.03453608790858657,0.03918344771466414,0.036413784044087585,0.1832699537372551,0.2202243126187025,0.1983252276823979,0.7261930188861955,0.816393071677579,0.7648872622772486,219.3391408920288
78,120048,0.0005,0.10933791018906282,0.004877320046365144,109.33778855553726,0.0028828796761294568,0.0019944403660580477,0.00016123903647686976,0.0,0.0,2.330569208745382e-05,0.034760705092962814,0.03956405718962415,0.036707015077835595,0.1840731480845162,0.22097420797306078,0.19922079457516004,0.7281297441960716,0.8173774435538285,0.7665321158795584,218.46648359298706
79,122549,0.0005,0.10950531450207115,0.004889387866856008,109.50519335265162,0.002890341651917505,0.0019990462154738,0.00015858419713082116,0.0,0.0,2.317553411985693e-05,0.034533452244102356,0.039179640643742505,0.03641604785950797,0.18358496445171932,0.2207395362167633,0.1987089959741449,0.7267142947508497,0.8160184168520092,0.7651671134486574,219.7859308719635
80,125050,0.0005,0.10869174019568732,0.004817915155503174,108.69161849725442,0.0028476536892153774,0.0019702614677191317,0.00016097867292739189,0.0,0.0,2.329230120912431e-05,0.03475758134246301,0.039343735162185124,0.03663741579589869,0.18567094646516394,0.22272116544007398,0.20086261081765863,0.7309127130397841,0.8199293524777589,0.7692653798356337,219.4194893836975
81,127551,0.0005,0.10838836645547364,0.004780332912409418,108.38824540069226,0.002817865921361208,0.0019624669915078666,0.00015772379967703384,0.0,0.0,2.319265025339244e-05,0.03534338217837865,0.04011178731632347,0.03728086708943214,0.18737182861230509,0.22483906827893843,0.20271733827868113,0.7326179879610656,0.8208333853958416,0.7707093861616883,214.43431544303894
82,130052,0.0005,0.10828215857950604,0.004763569438136274,108.28203618149908,0.0028055242225147005,0.001958045213294198,0.00016006271202912125,0.0,0.0,2.3447369029549466e-05,0.035454080086715314,0.04029599097860856,0.03741272210745086,0.18757360337115153,0.22493854020891643,0.20290396713027237,0.7327398142305578,0.8201751525952119,0.7705738500016825,218.28430247306824
83,132553,0.0005,0.10785245668978655,0.004714549920431002,107.8523343470229,0.002783349210796066,0.001931200710868445,0.000159964651074228,0.0,0.0,2.3441608425296223e-05,0.03566405469062375,0.04045930455942623,0.037622090259076105,0.18807838192847862,0.22523519888919433,0.20338758376569616,0.7332678256822271,0.8214821493277689,0.771303441335277,180.7276108264923
84,135054,0.0005,0.10763266202999276,0.004703875549193636,107.63254027307534,0.002775121067710849,0.0019287544832865028,0.00015943694321341893,0.0,0.0,2.333442620095032e-05,0.035810675729708114,0.04052256050704718,0.0377464185437014,0.18920781296856257,0.22673274440223912,0.20465264670768293,0.7354932050617253,0.8234269768655038,0.773556999340862,184.24306058883667
85,137555,0.0005,0.10702633813488298,0.004645566185369383,107.0262149702497,0.002731169380069037,0.0019143968027285966,0.00016441519744762382,0.0,0.0,2.359103262563326e-05,0.03619723985405838,0.04114692013819472,0.03820781507304028,0.19069159445596762,0.22848516843262695,0.20628548604322644,0.7390494973885445,0.8258272862729908,0.7766657150277897,179.99625873565674
86,140056,0.0005,0.10658159744037671,0.00460421756225605,106.58147402049923,0.002705922672745311,0.0018982948893943696,0.00016328265889521592,0.0,0.0,2.3674404569426856e-05,0.036447823214464214,0.04144806920981607,0.038482449542893406,0.19127075732207116,0.22904217219362255,0.2068689450553087,0.7401461290483806,0.8269973260695722,0.7778174886699678,179.00109338760376
87,142557,0.0005,0.10632384815713207,0.004578904545654069,106.32372517606727,0.002694324322408106,0.0018845802215702522,0.00016475972872203088,0.0,0.0,2.357830555524879e-05,0.036315356669832065,0.04128182711290484,0.03833383626043156,0.19211602468387645,0.22983619052379048,0.2076632087563918,0.7418053286497901,0.8279747671244002,0.7792284087699111,186.3781967163086
88,145058,0.0005,0.10599215703009844,0.004553494853318901,105.99203485414917,0.002680645534288889,0.0018728493166909996,0.00016466166319966324,0.0,0.0,2.3419395346082274e-05,0.03637988164109356,0.041347328256197524,0.038407535689910115,0.19211143667532987,0.23051531340588766,0.20790491330145788,0.7425700618190224,0.8290746201519392,0.7802233936690369,182.32418537139893
89,147559,0.0005,0.10604160770726223,0.004548125680647187,106.04148379100508,0.002667516857952212,0.0018806088246441524,0.00016710912248616986,0.0,0.0,2.3767266469496948e-05,0.03647593696896242,0.04149473023290684,0.038525261941076555,0.19279495233156738,0.23069405050479808,0.2084799507451875,0.7425476098623051,0.8286713634858557,0.7800509727975933,184.0787467956543
90,150060,0.0005,0.10585726819327715,0.004532167902968523,105.85714429590712,0.002654495535626738,0.0018776723628499505,0.0001655701703035587,0.0,0.0,2.3782443742609057e-05,0.036854106013844465,0.04172852343437625,0.03884574211305339,0.1939846131859756,0.2316447444459716,0.20958565635348214,0.7438021861567873,0.8297390028363655,0.7812252711506187,171.4414005279541
91,152561,0.0005,0.10512758000660352,0.004443453979559849,105.12745629134821,0.0026122724043163674,0.0018311815768377337,0.00016849528735436375,0.0,0.0,2.3751851553074152e-05,0.03735341800779688,0.042302414971511396,0.03937454236505992,0.1958976175154938,0.23416844199820072,0.21166856710563323,0.7471200972735905,0.832330446727559,0.7842883496868853,168.28593707084656
92,155062,0.0005,0.10524390823468834,0.004466081660411066,105.24378453574624,0.0026262749800784755,0.0018398066849175205,0.0001655833952141058,0.0,0.0,2.3728820323555134e-05,0.03684004913659536,0.04176444656512395,0.03885013068050909,0.19425149861930227,0.2326639656637345,0.21008027472742935,0.7463715685600759,0.8316613784173831,0.7835828659058761,166.96016812324524
93,157563,0.0005,0.10463585988616572,0.0044066472314769215,104.63573584238179,0.0025811225477322492,0.001825524683727217,0.0001657269571718384,0.0,0.0,2.382018011448541e-05,0.03744117587340064,0.042588921462664936,0.039530074276847064,0.19642494564674132,0.23482657718162736,0.21231556282799896,0.7493548479045882,0.8339816417183127,0.7864129637561289,168.32232022285461
94,160064,0.0005,0.1042044129593522,0.004360472735758388,104.2042881120257,0.0025506015080667774,0.0018098712288669352,0.000166887150222848,0.0,0.0,2.39570539762411e-05,0.03760780843912435,0.04263226350084966,0.039655430500292445,0.19730398856082568,0.2358529244552179,0.21324833440797322,0.7516915108956418,0.8359397451956717,0.7886148595609745,182.15214228630066
95,162565,0.0005,0.10423782053457552,0.004367013764213912,104.23769602419043,0.0025669760226791705,0.001800037742198044,0.00016445139596787316,0.0,0.0,2.3907328758574617e-05,0.03744664243677529,0.0423597162697421,0.03945118397763256,0.1971985619814574,0.2358148537460016,0.21315046753071515,0.75113275002499,0.8360644023640543,0.7882450523018026,184.0086362361908
96,165066,0.0005,0.10366091583041799,0.004309791015580808,103.66079062912189,0.002515758871070494,0.0017940321446150453,0.00016739694732194595,0.0,0.0,2.4054829651629502e-05,0.038190290290133946,0.043359804515693726,0.04028763198956582,0.19951482297705916,0.2377982400789684,0.21539670442108486,0.7543184874487705,0.8372714390806177,0.7906414095352574,188.75513100624084
97,167567,0.0005,0.10369370744579652,0.004314810801783382,103.69358252792632,0.0025247371243773773,0.0017900736742291372,0.00016513318583301313,0.0,0.0,2.3996612482478043e-05,0.038114441723310674,0.04325564695996601,0.04020741108510016,0.1992379805890144,0.23777090726209515,0.21519893297746104,0.753866715032737,0.8375170439636646,0.7904493839251714,190.21695518493652
98,170068,0.0005,0.10347740714405118,0.0042979552256749995,103.47728168711764,0.0025162630108916282,0.0017816922111293916,0.00016838105454858182,0.0,0.0,2.4110188299570565e-05,0.03820161388569572,0.04325633028038785,0.040270941611453864,0.19983002892592963,0.23831483031787284,0.21580614412768703,0.7549790630622751,0.8387300353296182,0.7917649992248241,182.6609983444214
99,172569,0.0005,0.10314074074659572,0.004269797891838851,103.1406147196883,0.002496482081371868,0.0017733158083898003,0.00016701169262491362,0.0,0.0,2.4219052819375565e-05,0.038160126574370255,0.04331685294632147,0.040262890735366305,0.1997559374687625,0.2382078418632547,0.21579464667084597,0.7567157707229608,0.8399621596673831,0.7932905276648191,256.7755627632141
100,175070,0.0005,0.10309258958206373,0.004259507728238605,103.09246516694836,0.0024906405605605152,0.0017688671678410056,0.00016707489291735436,0.0,0.0,2.3892677027030034e-05,0.03807168538834466,0.043206838358406635,0.040153126359307637,0.19972694515943623,0.23854813543332667,0.21584744252315144,0.7565488453056277,0.8399805117015694,0.7932033091247296,313.02351427078247
101,2501,0.0005,0.10285310753908267,0.0042368066040283274,102.85298230408765,0.0024769933544960833,0.0017598132531571316,0.00016797603154032322,0.0,0.0,2.406296550048262e-05,0.03828351471911236,0.0434023656162535,0.040370748204621124,0.20058382896841265,0.23934771794407236,0.2166551390915263,0.7575129128036285,0.8407171311163035,0.7940030857497623,215.9436640739441
102,5002,0.0005,0.10234593622079614,0.0041902804863965006,102.34581038190193,0.0024460788700845604,0.0017442016183600308,0.00016692543404607743,0.0,0.0,2.4187949981112506e-05,0.038764084210065976,0.043909584603658534,0.04087488660819736,0.2025753175292383,0.24132719958891444,0.21870985650932226,0.7609074534248801,0.84299785944997,0.7970410677753702,215.74643087387085
103,7503,0.0005,0.10201546932901683,0.004161129454530624,102.01534322794319,0.0024252425604516636,0.0017358868921006911,0.00016931792894577782,0.0,0.0,2.4247862493208232e-05,0.03921165908636545,0.04439864679128349,0.041318031573822286,0.20406983690898642,0.24274157524490203,0.22018648525986706,0.7616731627661435,0.8435692129398241,0.7977549781302651,216.46976685523987
104,10004,0.0005,0.10201145145522265,0.0041510164629012984,102.01132488136338,0.0024268652740415367,0.0017241511937239763,0.00016808013569149225,0.0,0.0,2.4337124346236918e-05,0.03874905116078568,0.04404790818047781,0.04090670474543527,0.20253138978783486,0.2413847937387545,0.2187442283865894,0.7613701589676629,0.8439945310938125,0.7978148304643939,214.90422296524048
105,12505,0.0005,0.10166436829408709,0.004122863159358005,101.66424212175481,0.0024064955686437625,0.001716367590609511,0.00016625218236039532,0.0,0.0,2.4263147214155323e-05,0.039279503042532984,0.04452672056177529,0.041427078754229636,0.20466500899640144,0.24352339142468013,0.22087144585209387,0.7632497782137145,0.8455170666108557,0.7995004320516438,216.3419668674469
106,15006,0.0005,0.10151229629733237,0.004112128458219114,101.51217011364399,0.0023928140667349067,0.0017193143901110563,0.0001700564958285059,0.0,0.0,2.4282558052825615e-05,0.03945775205542783,0.044706238598310674,0.04159808917692015,0.2058522294207317,0.24486387085790684,0.22215716208352512,0.765407118402639,0.8455285854408237,0.8007848313311394,216.23283648490906
107,17507,0.0005,0.10129910298302526,0.004088448683159841,101.29897743661324,0.002384485924133386,0.0017039627542727903,0.00017089911596274664,0.0,0.0,2.4139334264705827e-05,0.03925451303853458,0.044436424648890444,0.04137832839403157,0.20499866459666133,0.2446040138632047,0.22143459680383323,0.7648304935838165,0.8464933362592463,0.8008592781640205,213.8766553401947
108,20008,0.0005,0.10120375891004214,0.0040807452620059605,101.20363264758794,0.0023718132313447216,0.0017089320295848275,0.00017166775236343245,0.0,0.0,2.428088441038493e-05,0.03937975591013595,0.04467890578143743,0.041541962479775554,0.20553721870626748,0.24475473482482007,0.2218677847802949,0.7656201191398441,0.846840755885146,0.801517056780117,210.1157944202423
109,22509,0.0005,0.10068439012292812,0.004040129923248483,100.684263271315,0.002352515270011682,0.001687614652922605,0.00017064293105985666,0.0,0.0,2.4421175997222996e-05,0.04005321699445222,0.04543114394867053,0.04226662578047817,0.20763218150239904,0.24679200585390842,0.22405774675991857,0.7676984870114454,0.848667368989904,0.8035714993330061,206.11524772644043
110,25010,0.0005,0.10071039477028831,0.004039964584934591,100.71026752110436,0.0023482844181216753,0.001691680163298579,0.00017096516898414203,0.0,0.0,2.4493461283696557e-05,0.03972180658986405,0.045001433020541784,0.041880195502933565,0.2070175835915634,0.24626770385595761,0.22340955796455297,0.7683634553990903,0.8486154366378449,0.8038783758962121,206.60224390029907
111,27511,0.0005,0.1002794874624246,0.003994655224559988,100.27936056412396,0.002325317021942504,0.0016693382008370423,0.00016785362216184467,0.0,0.0,2.44006828252197e-05,0.03993968818722511,0.045232590557526986,0.042114976377392865,0.20810767489879048,0.24751242081292482,0.22457593214548813,0.7696325766568373,0.8499909606469912,0.8052016710672604,203.86003351211548
112,30012,0.0005,0.1002786171774133,0.003987228308833379,100.27848975156031,0.0023250193483718836,0.0016622089557311048,0.0001717305027305534,0.0,0.0,2.4497719762445628e-05,0.03991089111230508,0.045258166264744104,0.042090320646515585,0.20780925910885645,0.24713415415083967,0.22427749279879036,0.7704476803028788,0.8506323056714814,0.8059915228039681,184.43406558036804
113,32513,0.0005,0.10035366538922484,0.004010984900829027,100.35353800526909,0.0023277069769715177,0.0016832779253295744,0.00016936812454048527,0.0,0.0,2.452670730331336e-05,0.04008445449945022,0.045318396079068374,0.042241880782834834,0.20808209919157336,0.24713913262819873,0.22442903537683037,0.7699958102696421,0.8499032027813874,0.8054159471079236,182.01187586784363
114,35014,0.0005,0.0996464970203244,0.0039424369518854755,99.64636925228687,0.0022866907567701865,0.0016557461952898423,0.00017206927323592722,0.0,0.0,2.459705698832559e-05,0.04079793863704518,0.04623716919482207,0.04301805230716273,0.21065040780562774,0.2505048761745302,0.22738933878563872,0.772978796762545,0.8523252808251699,0.8082659858696368,182.6213777065277
115,37515,0.0005,0.09976239436742117,0.003948531974437887,99.76226705820358,0.0023005776182974226,0.0016479543590031361,0.00016932221246408698,0.0,0.0,2.4516508684293202e-05,0.04024649905662735,0.045681434457467016,0.04247221715639575,0.20915061709691124,0.24843666049205318,0.22565079110114872,0.7718650820921631,0.8522492370239404,0.8075359440931841,182.82647442817688
116,40016,0.0005,0.0993966980219507,0.003915373340579735,99.39657020035004,0.0022751991703497676,0.001640174172504977,0.00016909534589876112,0.0,0.0,2.4616015882496022e-05,0.04074737292582967,0.04618953199970012,0.04299151035426397,0.2111462055802679,0.25087513822595964,0.2278194959666051,0.7740812854545682,0.8531674244364754,0.8092128928186225,182.65012788772583
117,42517,0.0005,0.09918035944847048,0.003891313579672652,99.18023126900363,0.0022586589735188447,0.0016326546061421704,0.00017095398360759967,0.0,0.0,2.467554776642249e-05,0.040756353708516595,0.046217255285385846,0.04299195872389617,0.21131078818472612,0.2505485110643243,0.22783817382740146,0.7756606341838265,0.8549855448445621,0.8109618291550758,183.09494614601135
118,45018,0.0005,0.09878600281966729,0.003876285016478435,98.78587387829292,0.002249547690233649,0.001626737329456564,0.0001714675956009523,0.0,0.0,2.484558198283085e-05,0.0412550799992503,0.04664501386945222,0.04347712866871095,0.21279212924205318,0.25193047780887645,0.22926623926239936,0.7774499575169932,0.8557644325082467,0.812341840290537,183.5629105567932
119,47519,0.0005,0.09892111599016361,0.0038752949155238894,98.92098759556237,0.002248186638849865,0.001627108280781842,0.00017074644984849878,0.0,0.0,2.473155628387499e-05,0.041074585790683724,0.046586541164784084,0.04332417636898989,0.21237911085565775,0.25218037784886044,0.22907617565442542,0.7766687270404339,0.8554347792133147,0.8117261618578353,184.18301439285278
120,50020,0.0005,0.09866512991765031,0.0038643555361407025,98.66500149360422,0.002240646404281418,0.0016237091306955968,0.000171424758253856,0.0,0.0,2.4743202698636898e-05,0.0411582437337565,0.04659698620551779,0.04340160215693917,0.21359991159786085,0.2532242962190124,0.23027853563395156,0.7778761542258097,0.8572098504348261,0.8131217800560402,185.63903498649597
121,52521,0.0005,0.09830568711914238,0.0038258708789196167,98.30555882657923,0.0022184189531274595,0.001607451925873615,0.00017066961776300067,0.0,0.0,2.471853059030561e-05,0.041432450457317076,0.04690164949645142,0.04368724491222293,0.2139160937187625,0.2538335251836765,0.23069843830096154,0.7796656727933826,0.8582317073170732,0.8146536002536623,184.7016875743866
122,55022,0.0005,0.09821879899636453,0.003817415458750857,98.21867064178967,0.002206687571531886,0.0016107278889121363,0.0001698051082971584,0.0,0.0,2.473810363241029e-05,0.04153475328618553,0.04714022594087365,0.043824766366528434,0.21449174236555377,0.25441551894867054,0.2313018711205603,0.779851731182527,0.8579583791483406,0.8147242180183858,183.80973744392395
123,57523,0.0005,0.0981093910260231,0.0038059944221915613,98.10926175641804,0.0022051514819266646,0.0016008429381935323,0.0001683727605396092,0.0,0.0,2.4915341459511275e-05,0.04161675173680528,0.047180834697371055,0.04390289066567934,0.2141549630147941,0.25405677572720914,0.2309488276275145,0.780060534379998,0.8578643737817373,0.8147235484968801,185.9159791469574
124,60024,0.0005,0.09796969075856662,0.003796728412633384,97.96956209581597,0.0021949949281819697,0.0016017334887686958,0.0001733730429610919,0.0,0.0,2.4797530583249167e-05,0.04176542273715514,0.04726498072645942,0.044028385819383904,0.21564216110430828,0.25574457716913235,0.2325070735092451,0.7812594688687026,0.8585443752186626,0.8156975049083112,184.99077939987183
125,62525,0.0005,0.09776606695687041,0.0037805402340445266,97.76593805226932,0.0021829962102388714,0.0015975440266683268,0.00017118721223637097,0.0,0.0,2.485507457658743e-05,0.042016103714764094,0.04759922202993803,0.044303409875322525,0.21661169516568374,0.2566439244614654,0.23347328857677738,0.7826585186238004,0.8596728300867154,0.8170554954878858,168.8803551197052
126,65026,0.0005,0.09777376925299426,0.0037727447771295974,97.77363987571475,0.002189245742944176,0.001583499031159833,0.00017229836738624253,0.0,0.0,2.4948070594942797e-05,0.04168361952094162,0.04718493461990204,0.04394440158022294,0.21571322642817872,0.25579319053628546,0.23256439482513927,0.7825360090338864,0.85973745267518,0.8169668644535594,167.82977199554443
127,67527,0.0005,0.0975697076827681,0.0037472464517959844,97.56957871605997,0.0021684346960063224,0.0015788117558711203,0.00017015592324980003,0.0,0.0,2.485441727247501e-05,0.04140297006197521,0.046979938493352656,0.0436804526039019,0.21543062462514995,0.25553118596311475,0.2323079914366994,0.7831060935001,0.8602493572883346,0.8175890188558442,167.7612910270691
128,70028,0.0005,0.09717913816829339,0.003723269882134353,97.1790083816937,0.0021521857663540723,0.001571084112999067,0.00016912827047404903,0.0,0.0,2.5044374619899842e-05,0.04215081545506797,0.04775755713339664,0.04445219582754051,0.21745930534036387,0.25749709881672334,0.23438053201587616,0.7851607403913434,0.8622600764381747,0.8196247684888867,167.82603573799133
129,72529,0.0005,0.09726158149692356,0.003732399536395034,97.26145221842903,0.0021680214956011036,0.0015643780400026225,0.00017312657860338678,0.0,0.0,2.494912149143324e-05,0.04219357179003399,0.04770943185225909,0.04446855435793588,0.21762066657711915,0.25748382287709914,0.2344320638106018,0.7842303508284186,0.8616304454780588,0.8187752264182789,185.04646968841553
130,75030,0.0005,0.09674043573144196,0.0036887879066475732,96.74030626091849,0.0021342915199786946,0.0015544963913003554,0.00017138705163229317,0.0,0.0,2.4950825119379675e-05,0.04241945799805078,0.047942834584916036,0.04470464620483769,0.21889242349935026,0.2590269556240004,0.23578484228453556,0.7874594302903839,0.8640647256722311,0.8217454703270746,196.0030655860901
131,77531,0.0005,0.09681989146066589,0.003694369798366603,96.8197614066556,0.0021363884109089704,0.0015579813843040388,0.00017374498087993008,0.0,0.0,2.506189373540977e-05,0.042328088295931626,0.0479546462664934,0.04463221395525281,0.21842669182327068,0.25874025389844063,0.23541375754273733,0.7871568169607157,0.8631851946721312,0.8212178653118755,197.38793444633484
132,80032,0.0005,0.09652485529252025,0.0036739950018116786,96.52472560475321,0.0021245043139277464,0.0015494906864235041,0.00017220304909826262,0.0,0.0,2.502576961371803e-05,0.04272909976634346,0.04836268617552979,0.04504958788541461,0.2196291405312875,0.2604012106095062,0.23686103784486276,0.7884995415896141,0.8645082982432027,0.8225882976043706,200.36091709136963
133,82533,0.0005,0.09618088940247113,0.0036444211714906243,96.18075939942626,0.0021046213760175314,0.0015397997940068463,0.00017567775265241547,0.0,0.0,2.5099605466289076e-05,0.04309653091888245,0.04882256081942223,0.045453406194495304,0.22154370673605558,0.2619404386682827,0.23864372643898699,0.7903807227109156,0.8659278476109556,0.8243250933254971,187.61271834373474
134,85034,0.0005,0.09646300912671973,0.0036556351420114703,96.46287886365229,0.002113450538884269,0.0015421846038719616,0.00017194580944921226,0.0,0.0,2.510193686340753e-05,0.042735737736155535,0.048285568585065976,0.04502433903071462,0.22013030725209917,0.2605245987542483,0.23716396035575144,0.7887784339389244,0.8645871729433227,0.8227664190070814,185.44941329956055
135,87535,0.0005,0.09605631878713473,0.0036166353789228918,96.05618875039096,0.0020905195359337625,0.0015261158422210956,0.00017042247960718214,0.0,0.0,2.5083762754432657e-05,0.042864299592662934,0.04855030643992403,0.045210159275351595,0.220328274940024,0.26055310297755896,0.23736176506483236,0.7903282046556377,0.8665934017018193,0.8245167278828787,186.54924750328064
136,90036,0.0005,0.09604750307904678,0.00362186460531965,96.04737284163483,0.0020914418610725747,0.0015304227396796012,0.00017703855859214655,0.0,0.0,2.5153289554203488e-05,0.04332329568172731,0.04906308960790684,0.045697544914026444,0.22144667523615555,0.26196054781212513,0.238621033565765,0.7906703529525689,0.8661192749462715,0.8245820208508127,183.66101503372192
137,92537,0.0005,0.0957866744017277,0.003606045150804277,95.78654409360523,0.0020885787217011834,0.0015174664292776467,0.0001740673826874058,0.0,0.0,2.513813162821833e-05,0.04324676379448221,0.04883632484506197,0.04556659560818903,0.22201812634321272,0.26256801966713317,0.23918033616005874,0.7917532205867653,0.8670089581354958,0.825520139629962,189.9429371356964
138,95038,0.0005,0.09556431422491923,0.003589469505019109,95.56418358407369,0.00207604802571001,0.0015134214789832665,0.00017325931759876024,0.0,0.0,2.5195273529530564e-05,0.04307690986105558,0.04875647397291084,0.045415745258274694,0.22229945912260096,0.2629399412110156,0.23950704842543707,0.7927741012969812,0.8685308103321171,0.8268044778391248,195.59237599372864
139,97539,0.0005,0.09552487630884154,0.0035824850634033115,95.52474625841802,0.0020731692747576946,0.0015093157917061156,0.00017385530337592632,0.0,0.0,2.5093290228092903e-05,0.04323934488704518,0.04888025258646542,0.04556079263106638,0.22247224157212114,0.2633456383071771,0.23975661454177866,0.7927208999212815,0.8681828050029988,0.8266322322961379,195.96442341804504
140,100040,0.0005,0.09524388686984313,0.003557094024493918,95.24375573257025,0.0020506689049530125,0.001506425119308168,0.0001741832703737091,0.0,0.0,2.533008476448918e-05,0.04382934326269492,0.04967212333816473,0.04623590060668003,0.2243371206205018,0.2650675081529888,0.2416244226737601,0.7951006120989105,0.869340349797581,0.8284990904165335,195.94564700126648
141,102541,0.0005,0.09512581463392283,0.0035446630927912074,95.12568411966268,0.002052086084406255,0.0014925770052895435,0.00017507157471124152,0.0,0.0,2.5215600017538007e-05,0.044007006572371055,0.04980302800754698,0.046387477536037454,0.22472524662010196,0.265392378204968,0.2419779175495515,0.7948237697108657,0.8696394489079369,0.8284639022151074,184.730721950531
142,105042,0.0005,0.0950925268563496,0.003559012140450133,95.0923951128777,0.0020492443735184358,0.001509767759833202,0.00017258147676091088,0.0,0.0,2.5436554633019272e-05,0.04404556536760296,0.04981796343962415,0.046438826440570236,0.22506651636220512,0.2658508862080168,0.24237532574372117,0.7957971108431627,0.8696813266880747,0.829096523738775,185.8793339729309
143,107543,0.0005,0.09514565536024712,0.0035460383785547453,95.14552437691916,0.002044441452408053,0.0015015969214337568,0.0001756893401346663,0.0,0.0,2.5279303829846685e-05,0.04367891515268892,0.04939274290283886,0.04605088043516306,0.22403821674455218,0.2647747541608357,0.24131233637771907,0.7957291692697921,0.8704060368040284,0.8292897257600866,193.7370159626007
144,110044,0.0005,0.09489496339742587,0.003523775441755467,94.89483278801517,0.0020367407897410573,0.0014870346500303225,0.00017324976784484356,0.0,0.0,2.5199498731174008e-05,0.04375300660985606,0.049447310919382245,0.046114734024135635,0.2244158000862155,0.26550073330042984,0.24183181381342364,0.7963227794819572,0.8707736631909736,0.8298604269592059,196.88023376464844
145,112545,0.0005,0.09478423734758197,0.0035201889581558277,94.78410573026649,0.0020257578043016517,0.0014944311545407516,0.00017557508644700784,0.0,0.0,2.540225089333802e-05,0.043947948164484205,0.04973986967712915,0.04634511771454353,0.22521723732382048,0.26600424283411633,0.2425570691012588,0.7970854626899241,0.8711669629023391,0.830481173788629,195.7023274898529
146,115046,0.0005,0.0946601069048613,0.0035104881417693666,94.65997616913928,0.002022817461870656,0.001487670679584515,0.00017401494865132045,0.0,0.0,2.5250784911760656e-05,0.04409095736705318,0.04984597957691923,0.046474603374899386,0.2257634055752699,0.26711571230882647,0.2432982775895465,0.7974487939199321,0.8712813702643942,0.8307900750150875,196.04911875724792
147,117547,0.0005,0.09438902555239863,0.003485708205495402,94.38889394040967,0.0020139535913420398,0.0014717546150319464,0.00017441450060092813,0.0,0.0,2.542129833141787e-05,0.04444589351759296,0.05036247219862055,0.04687978197164723,0.22659032090288883,0.267539468587565,0.24398747245009925,0.798715474747601,0.8726480111080568,0.8321258849451324,195.19377636909485
148,120048,0.0005,0.09433855974479992,0.0034768100898126004,94.3384280992193,0.002002199155090731,0.0014746109381082004,0.0001765258183899105,0.0,0.0,2.541925461863772e-05,0.04402828712265094,0.04982196574495202,0.04640995135127914,0.22614508883946421,0.26734872457267095,0.24361304315131027,0.7999638035410835,0.8732973607432027,0.8330965559394872,186.46280431747437
149,122549,0.0005,0.09406197049775299,0.0034582888293385383,94.06183961657037,0.0019942244907521028,0.001464064336666351,0.00017666564159070459,0.0,0.0,2.5293528583721023e-05,0.04430571521391444,0.050146054859306274,0.04670385202290159,0.22703496726309477,0.26836667676679327,0.24457964976457824,0.7999498442810375,0.8735635628561076,0.8332238595922296,188.63814425468445
150,125050,0.0005,0.09409454099533082,0.003452692999293553,94.09440938895438,0.001991997726753809,0.0014606952690428626,0.0001740243337311937,0.0,0.0,2.5409006784171857e-05,0.04438771366453419,0.0500816275052479,0.04674296222645037,0.22704853605432826,0.2681542617328069,0.24443675079098084,0.8002470886645342,0.8739041492777889,0.8334541159932588,189.08266401290894
151,2501,0.0005,0.09396830587679507,0.0034475231845323214,93.96817537938438,0.0019895064356432977,0.0014580167468292962,0.00017580834429752388,0.0,0.0,2.5220392233761925e-05,0.04423552844487205,0.05004492343687525,0.046623494646443824,0.22713014403613555,0.26863160985605755,0.24472084936232674,0.8004504252986305,0.8742677733594062,0.8338508535770834,181.29129648208618
152,5002,0.0005,0.09385074448973978,0.0034364735007705745,93.85061265258301,0.001974896719160325,0.0014615767833325076,0.00017552498548138756,0.0,0.0,2.5486293789846657e-05,0.04472527395291883,0.0505844537185126,0.04714743471944609,0.22801670347486006,0.26899581964089364,0.24545458236672743,0.8020201099247801,0.8751790299505198,0.835122947726713,185.78435850143433
153,7503,0.0005,0.09364027162639202,0.0034238372049925597,93.64013909359352,0.0019754630993789727,0.0014483741058405062,0.0001750422973793061,0.0,0.0,2.5629329101372037e-05,0.045095243152738905,0.050972384483706515,0.04753020908333501,0.22946085237779887,0.27053778098135745,0.2469614337517566,0.8022507793757497,0.8751430092025689,0.8352143241972124,185.21671271324158
154,10004,0.0005,0.09372194352649489,0.0034233353367480847,93.7218115195328,0.001977572833395573,0.0014457625018513543,0.00017515465145781967,0.0,0.0,2.5501702116160305e-05,0.04456186275489804,0.05052939761595362,0.047021082612495574,0.22796467350559776,0.2692392769454718,0.2455217329243787,0.8016663451806777,0.8747858278563575,0.834741665191147,185.03649401664734
155,12505,0.0005,0.09341373264503594,0.003400105175373034,93.41360038016043,0.001962376125468282,0.0014377290499047516,0.00017535655471982093,0.0,0.0,2.555440707775309e-05,0.04499157368302679,0.05096750362355058,0.04745050185400604,0.2295827762644942,0.2709307878411136,0.24718570725911143,0.8036064870926629,0.8765281973148241,0.8365991715668011,184.01582837104797
156,15006,0.0005,0.09325389394827815,0.0033902632227245317,93.25376155232487,0.0019511259663881721,0.0014391372558825212,0.00017661568366053604,0.0,0.0,2.560431479202268e-05,0.0455340324807577,0.05148497241728309,0.04799114558726597,0.23120000046856257,0.272391043582567,0.2487973226267831,0.8050849972510996,0.8772445123513095,0.837813635222295,184.0738627910614
157,17507,0.0005,0.09308187078024711,0.003377372486062902,93.08173917017666,0.0019442034942284711,0.0014331689865803808,0.00017753952556368054,0.0,0.0,2.545713300342064e-05,0.04496980504673131,0.050852217706667334,0.047392793187423975,0.2305946761920232,0.2723077761083067,0.24834976632629144,0.8053766774540184,0.8773935738204718,0.838046882854181,183.93233108520508
158,20008,0.0005,0.09312280114503299,0.003382903750592441,93.12266916658629,0.0019446706564751406,0.0014382330927325123,0.00017699602962888196,0.0,0.0,2.5488896335300582e-05,0.045006021029088364,0.050812975591013596,0.04739462913813495,0.2299128200282387,0.2713077854795582,0.24743154449838964,0.805232496845012,0.8783459272540983,0.8383281121059496,183.13302278518677
159,22509,0.0005,0.09293863167915521,0.003362064686033544,92.9384996306653,0.0019380227988199485,0.0014240418871554112,0.00017782196390699403,0.0,0.0,2.5515305933346106e-05,0.04543895332492003,0.051370662672431025,0.047891318897304476,0.2313433025227409,0.2728742487380048,0.24901835969695804,0.8059422715288884,0.8787948687712415,0.8389130509028383,184.3727867603302
160,25010,0.0005,0.09309660684152013,0.0033712813098592254,93.0964744397041,0.0019412353034929984,0.0014300460043064997,0.00017528010342436287,0.0,0.0,2.5589499235335745e-05,0.04544051520016993,0.05134684407487005,0.04789115105964532,0.2313260242777889,0.2725711473223211,0.2489327545367518,0.8053593015918633,0.8779292970311875,0.8382610080719757,183.38064646720886
161,27511,0.0005,0.09281201721554468,0.0033429337229102297,92.81188460284831,0.0019199270808582202,0.0014230066386424042,0.0001750851485570131,0.0,0.0,2.563905813711354e-05,0.045361835734456214,0.051266895585515795,0.04780161212861645,0.23094277913834466,0.2722856170031987,0.24856450390971838,0.807059890887395,0.8787243891505898,0.8395861850553206,183.3510479927063
162,30012,0.0005,0.0923235036867683,0.0033150353587278335,92.3233711749065,0.001909210081690731,0.0014058252756639507,0.00017697882689788661,0.0,0.0,2.5614819682747268e-05,0.046166494339764094,0.05221915140193922,0.04867121117894815,0.23404202772016194,0.2758054981132547,0.25185710035029146,0.8092765823358157,0.8809269261045581,0.8417925182722512,183.6568534374237
163,32513,0.0005,0.09251967685275533,0.003330229622398841,92.51954429409876,0.0019117445859382944,0.0014184850361696245,0.00017876956308216857,0.0,0.0,2.5631250834221038e-05,0.04559250518542583,0.05147979870551779,0.04802952761237161,0.23250182348935425,0.2741871025027489,0.25024342583995113,0.8083760636370452,0.8799361114929029,0.8408936425977972,184.1100881099701
164,35014,0.0005,0.09242536882903041,0.0033213395345788516,92.42523593742435,0.0019100804854214552,0.0014112590511240286,0.00017968672838725294,0.0,0.0,2.567605934371245e-05,0.045823857956817274,0.051846546537634944,0.04831138554076459,0.23330775111830268,0.27490468656287487,0.2510760401571836,0.8083347715601259,0.880091615697471,0.8409186186598855,184.2889108657837
165,37515,0.0005,0.09235141518377199,0.003317519665419421,92.35128222118135,0.0019091297544204578,0.0014083899115109857,0.00017597647106221378,0.0,0.0,2.5726392994879058e-05,0.04591854664384246,0.051845375131197524,0.048375633139511806,0.23297458360405837,0.27449088723885445,0.2506676370807525,0.8089624501761795,0.880671071415184,0.8415437330250166,184.62481665611267
166,40016,0.0005,0.09199280224022556,0.0032869618553042664,91.99266917226029,0.0018903612179114895,0.0013966006377244275,0.00017689123461793712,0.0,0.0,2.5736227041529768e-05,0.04636865956742303,0.05242248803603559,0.04887503197231218,0.23503420897266095,0.27662499453343664,0.2527783355746018,0.8106441017343062,0.881862196527639,0.8429910755548321,184.74369978904724
167,42517,0.0005,0.09225308439764725,0.0033082270882649496,92.2529516711992,0.0019030936255694324,0.0014051334638301128,0.00017597318253988146,0.0,0.0,2.566634335236507e-05,0.04619324145341863,0.05220763257197121,0.04868543130092052,0.23401391396566373,0.2754392383671531,0.2516987423007725,0.8096235138756998,0.8814707515431327,0.8422083339897073,184.41071820259094
168,45018,0.0005,0.09202084056839424,0.003287174265834688,92.02070723071856,0.0018887828286175468,0.0013983914372636887,0.00017773136387015412,0.0,0.0,2.57629328783822e-05,0.04628461115553779,0.05231579243302679,0.04878093555524218,0.23461689542932826,0.2764281982519492,0.25247069339348716,0.8106330709903539,0.8818570228158736,0.8429967945501929,183.38892483711243
169,47519,0.0005,0.09200179700503965,0.0032859574903541136,92.00166417045243,0.001886237848783098,0.001399719643898391,0.00017615397400565664,0.0,0.0,2.5705620131799477e-05,0.0463148724885046,0.052287873912934824,0.04879494863444986,0.2349761267368053,0.2768594710553279,0.2528666628629672,0.8110655152001699,0.8818246139044382,0.8432156784993942,184.5046603679657
170,50020,0.0005,0.09159439941737853,0.003261520595262583,91.59426574218945,0.0018742401176588426,0.001387280472692978,0.000177747605588764,0.0,0.0,2.5869144000851685e-05,0.04677953037534986,0.05288099603908437,0.04930544515396924,0.23652609268792482,0.2781666630222911,0.2543331381247812,0.8128003681339964,0.8834603853770991,0.8449720316102913,184.61805820465088
171,52521,0.0005,0.09160983191578925,0.0032597522697279655,91.60969857967457,0.0018761527846355634,0.001383599484970215,0.00018077438565372892,0.0,0.0,2.5783303426425906e-05,0.04661387398165734,0.052676976084566174,0.04913022214757567,0.23623441248500598,0.27792398665533785,0.2540129568816566,0.8129310775689724,0.8835377958191724,0.8450439255721852,184.14277458190918
172,55022,0.0005,0.0916406892639239,0.003257260840080428,91.64055625460998,0.0018716290118967797,0.0013856318263508404,0.00017797699035931996,0.0,0.0,2.57515212578961e-05,0.046289980101709316,0.052372312793632546,0.04880161701095719,0.23544654403863455,0.27745903591688326,0.253411126623555,0.8127028485480807,0.8836631363079768,0.8450162910976585,184.137921333313
173,57523,0.0005,0.09173912970704443,0.0032681142030403345,91.73899654005585,0.0018767222598446804,0.0013913919390529253,0.0001746161264034971,0.0,0.0,2.5770685649685186e-05,0.046505226034586164,0.052569109075119955,0.04900298783554137,0.23585370539284287,0.2778820112579968,0.253782430070131,0.8123698762682428,0.8832442608893942,0.8445758730923829,184.70579862594604
174,60024,0.0005,0.09120455683499086,0.0032275294023351828,91.2044230388289,0.0018545361534223707,0.001372993250472154,0.00018010373422767254,0.0,0.0,2.5865395408615295e-05,0.04711367406162535,0.05309799908161735,0.04961097523419619,0.23832303016293482,0.2803455766131048,0.25630109664983675,0.815198725197421,0.8847693344537185,0.8468746957493896,184.32805156707764
175,62525,0.0005,0.09127987846910882,0.0032345068925458778,91.27974531927951,0.0018519350137381513,0.00138257187845862,0.00017563858946254178,0.0,0.0,2.5764621060828497e-05,0.046979938493352656,0.05300887457516993,0.04947540323633175,0.23763199798205717,0.2795639556677329,0.2555255299774421,0.8149580011745302,0.8847314589789085,0.8467256810630812,184.40485501289368
176,65026,0.0005,0.09127221307734021,0.003230010048507332,91.27207913068904,0.0018544225340349,0.0013755875146935325,0.00017585512998276678,0.0,0.0,2.5923291811786007e-05,0.047066232100909634,0.053263753092512994,0.04964337013110739,0.2373988881010096,0.27927705870776687,0.25538693230356374,0.81434545322496,0.8848089670381847,0.8464631289899087,184.80870366096497
177,67527,0.0005,0.0910107752949488,0.0032063498620133026,91.01064144959692,0.001837259003209596,0.001369090858989897,0.0001782793640609625,0.0,0.0,2.5903806526192344e-05,0.046899501917982804,0.052954599410235906,0.0494054377113269,0.23776368358906438,0.2797762730845162,0.2557367909340704,0.8162622646253999,0.8861118638482107,0.8480926043793756,183.96960830688477
178,70028,0.0005,0.09095291548916122,0.003206165010750596,90.95278121051385,0.0018397945939574946,0.001366370419399762,0.0001756560843182533,0.0,0.0,2.5970444689604944e-05,0.04705207760645742,0.053191028276189524,0.049589641105125946,0.2385170931627349,0.28038833294807075,0.2564856039076412,0.816565756509896,0.8864637738654538,0.8484232512916007,184.11389017105103
179,72529,0.0005,0.0908763328092735,0.003206336848958746,90.8761980254285,0.001835534708372491,0.0013708021401207795,0.0001764032778481408,0.0,0.0,2.6123250502248075e-05,0.04796811744052379,0.05412297971436426,0.05054150787783546,0.2402614149652639,0.28228220430577766,0.2583136981839492,0.8164697011820272,0.8856724888169732,0.8480649315943865,184.47940325737
180,75030,0.0005,0.09077738100787203,0.0031882933302704647,90.77724726454633,0.0018298431404102714,0.0013584501892085284,0.000178829607955472,0.0,0.0,2.5892777913162376e-05,0.047113185975609755,0.05329957860605758,0.0496617885118798,0.23859430837040185,0.28101132593837463,0.25673100560820133,0.8171635642617953,0.887359118852459,0.849146878824192,184.5677502155304
181,77531,0.0005,0.09075782382514466,0.0031888856957644233,90.75768888916602,0.001827879909385757,0.001361005784714593,0.00017811629585734717,0.0,0.0,2.6109641783936786e-05,0.047284308932676926,0.05343321655712715,0.049819770094822025,0.23934400849035387,0.2812734281287485,0.25728576725981134,0.8173329301092063,0.8865852096661335,0.8488995827874485,184.97044730186462
182,80032,0.0005,0.09040083938756022,0.0031670011788383586,90.40070558385533,0.0018150187173362274,0.0013519824593260352,0.0001791117846872347,0.0,0.0,2.5912596795030548e-05,0.047570424955017995,0.05364211737180128,0.050089528847274266,0.24081724731982207,0.28313264537934824,0.25894167904005866,0.8193429659386245,0.8881376160473311,0.8506987051504319,184.6520974636078
183,82533,0.0005,0.09047650880083853,0.0031701649316396266,90.47637475466357,0.001816980818547949,0.0013531841134989686,0.00017890955422096843,0.0,0.0,2.5948487058760548e-05,0.047306468037784884,0.05340959319397241,0.04984756344754319,0.2397835787559976,0.2820505586827769,0.2579082608541719,0.8187529675629748,0.8878595046356458,0.8503502669786273,184.2739028930664
184,85034,0.0005,0.09024632193210697,0.003152105471988606,90.2461866068392,0.0018046719055679233,0.001347433570947428,0.00017728051998743309,0.0,0.0,2.6196240733210223e-05,0.048252671587614954,0.05452028173105758,0.05085177666547506,0.24232972826494403,0.2841310741328469,0.2603041028759566,0.8197039543557577,0.8890412584966013,0.8513906473448066,183.48211908340454
185,87535,0.0005,0.09037513776076454,0.0031577732858722096,90.37500308104298,0.001811485156579437,0.0013462881262671844,0.00017653228292674401,0.0,0.0,2.608811855854513e-05,0.04784316742053179,0.054102772953318674,0.050447926959540486,0.24085082763769491,0.2829957860605758,0.25896644036396177,0.8193131926916734,0.8888432908086765,0.8510401760135256,184.42333388328552
186,90036,0.0005,0.09039659238681465,0.003158429169562645,90.39645882217181,0.0018111495260980206,0.0013472796425569478,0.00018315654711929198,0.0,0.0,2.5845317749594236e-05,0.04744352259096361,0.05359448017667933,0.04999477581055116,0.24028699067248102,0.28273573383146744,0.25846897507133315,0.8188121235880648,0.888197553010046,0.8505258628936921,184.2760980129242
187,92537,0.0005,0.09027117394992276,0.0031564307456533732,90.27103878144787,0.0018087267336395212,0.0013477040103148678,0.000177835094537833,0.0,0.0,2.6170882872055884e-05,0.047763804634396244,0.053935164215563776,0.05033290613798655,0.24094873769242303,0.2829881719187325,0.25901482407389426,0.819668812162635,0.8889177727346561,0.851318369205834,184.74431681632996
188,95038,0.0005,0.08984907845654092,0.003119366656195131,89.84894415799354,0.001790420137735766,0.001328946518750287,0.00017842345935933422,0.0,0.0,2.6015057593096254e-05,0.0480972650002499,0.054287269467213115,0.050659633943716476,0.24280678353658536,0.2852086704380748,0.26097397906322184,0.8215424767592963,0.8907399930652738,0.8531642143414622,184.42927598953247
189,97539,0.0005,0.09020363119412593,0.003145125057081506,90.20349647006432,0.0018019406523861613,0.0013431844069703542,0.0001816468429341676,0.0,0.0,2.6109822522462267e-05,0.047716753142493004,0.05392374300279888,0.050289889720299456,0.24131489982132148,0.2832997660310876,0.2593455979602783,0.8200653332417033,0.8889833714951519,0.8515629681264434,185.28817510604858
190,100040,0.0005,0.08996307096782565,0.0031221987261278246,89.9629362000317,0.0017904374426918202,0.001331761282051216,0.0001790120130038088,0.0,0.0,2.6095000563129004e-05,0.047695472592213115,0.05386126799280288,0.050266259033918105,0.24171044472835865,0.2841735376162035,0.2599120358275514,0.8220408125812175,0.8907601022091164,0.8534565006599861,184.21419715881348
191,102541,0.0005,0.08972194488169621,0.0031111374751237207,89.72180978377692,0.001783202240517812,0.001327935234652456,0.0001791268008720526,0.0,0.0,2.6172214244111804e-05,0.04836024574545182,0.05457338548955418,0.050937221212195655,0.24354828381147542,0.2856334028888445,0.2616538090652964,0.8225257748463115,0.8910506110055978,0.8538523494649153,184.47945642471313
192,105042,0.0005,0.09003579815397593,0.003130597653911404,90.03566378014224,0.001797323276678224,0.00133327437861215,0.0001790509824523102,0.0,0.0,2.601493924714373e-05,0.04787440492552979,0.05405855236030588,0.05044124199108022,0.24217158839589165,0.2848591032337065,0.26044578154812287,0.821252065580018,0.8901757656312475,0.8527487665831875,184.46324825286865
193,107543,0.0005,0.08962196119126678,0.003098649696786007,89.62182587444758,0.001775980899587083,0.0013226687976818547,0.000182202914872908,0.0,0.0,2.6218775935919404e-05,0.0481035125012495,0.054296445484306274,0.050681736452265924,0.2431880763319672,0.28581194475334865,0.26150799902384636,0.823647396510146,0.8917070866965714,0.854828361056891,183.4629385471344
194,110044,0.0005,0.08954929933845639,0.0030959259574312712,89.54916493333087,0.0017743339736118126,0.0013215919833190729,0.00017760062196104759,0.0,0.0,2.6051984446230465e-05,0.04836903129373251,0.054500855907636946,0.050921553193439974,0.24395183332916834,0.2865309930715214,0.26223006911548985,0.8235568077456518,0.8917837162010196,0.854764884660264,183.7956259250641
195,112545,0.0005,0.08967194752078779,0.0031024177530279582,89.67181280563946,0.0017739392045658358,0.0013284785489857819,0.00018032889759982116,0.0,0.0,2.608075733207522e-05,0.04823178150614754,0.054368486980207915,0.05078499658448083,0.24342284570546782,0.28583683714014396,0.26162369762871657,0.8226514081867253,0.8910258162360056,0.8539485071168714,183.9773507118225
196,115046,0.0005,0.0895300829103116,0.003091807054361885,89.52994802750287,0.00177014007976959,0.001321666976041086,0.0001798050324010155,0.0,0.0,2.6138731581410292e-05,0.0485964793769992,0.05482279744352259,0.05120209867588249,0.24406116459666133,0.2867152943510096,0.26239570055375905,0.8239033488167233,0.891838284217563,0.8549948186695171,184.10530495643616
197,117547,0.0005,0.08908352935340394,0.003063372402355672,89.08339417986467,0.001753694607923906,0.0013096777944201295,0.00018033407068238395,0.0,0.0,2.6172095778517634e-05,0.04906855617128149,0.05532562365678728,0.05167404283396676,0.2462363687337565,0.28902628401764296,0.26465253286161977,0.8262844276351959,0.8936491809526189,0.857143305936178,184.19321584701538
198,120048,0.0005,0.08921597688133028,0.003070188066308632,89.215841347482,0.0017578578097811875,0.0013123302555615838,0.0001793573936615363,0.0,0.0,2.6254143599484476e-05,0.04848587908586565,0.05476442235605758,0.051094127790268805,0.24444645969737105,0.2867870429953019,0.26264444251851243,0.8256997005885146,0.8934043570071971,0.8567336582270015,184.43352103233337
199,122549,0.0005,0.08933262917392257,0.003074145017837661,89.33249462666106,0.0017602022982034712,0.001313942717597736,0.00018044121580027334,0.0,0.0,2.605089264366119e-05,0.048222312637445024,0.054552983494102356,0.05084739037968519,0.24373258509096363,0.2865266979145842,0.2621078271893967,0.8245933072083667,0.8926655900139944,0.8558037730514026,183.93932795524597
200,125050,0.0005,0.08923028912045201,0.003068049024699851,89.23015323594683,0.0017551380419181656,0.0013129109833693476,0.00017957014819187372,0.0,0.0,2.633621400108467e-05,0.048410811456667334,0.05452379595036985,0.05095514558722637,0.2447418493540084,0.286893152895092,0.2628494662846007,0.8250631388069772,0.8931492832554478,0.8562309437158441,175.03849744796753
